timestamp_of_peak,Unnamed: 0,value_of_peak,label_of_peak,idx_of_peak
2456044.489583333,,8.61404,NAP,191.0
2456048.833333333,,16.16877,NAP,608.0
2456055.9166666665,,8.73446,NAP,1288.0
2456056.114583333,,20.50276,NAP,1307.0
2456062.84375,,9.02177,NAP,1953.0
2456063.052083333,,18.36375,NAP,1973.0
2456063.208333333,0.0,21.083134567,NAP,1988.0
2456064.208333333,1.0,108.75190155,NAP,2084.0
2456064.4375,,8.44037,NAP,2106.0
2456076.5625,2.0,237.51580488,NAP,3270.0
2456076.625,,33.92541,NAP,3276.0
2456076.8229166665,3.0,41.794784167,NAP,3295.0
2456076.875,4.0,142.63099226,NAP,3300.0
2456077.2916666665,,9.51551,NAP,3340.0
2456081.145833333,5.0,32.707177525,NAP,3710.0
2456091.8125,,6.36949,NAP,4734.0
2456104.0729166665,6.0,186.88726635,NAP,5911.0
2456107.6875,,6.54079,NAP,6258.0
2456111.2604166665,7.0,55.177428403,NAP,6601.0
2456112.6666666665,,14.93265,NAP,6736.0
2456113.15625,8.0,303.30270048,NAP,6783.0
2456113.3229166665,9.0,52.020105574,NAP,6799.0
2456124.0729166665,10.0,39.869209412,NAP,7831.0
2456124.104166667,,34.88467,NAP,7834.0
2456125.8854166665,,12.41063,NAP,8005.0
2456132.520833333,11.0,187.16961937,NAP,8642.0
2456145.40625,12.0,27.20095412,NAP,9879.0
2456149.145833333,13.0,101.82270905,NAP,10238.0
2456149.5416666665,14.0,172.92190326,NAP,10276.0
2456150.03125,15.0,51.312408162,NAP,10323.0
2456174.9166666665,,65.84091,PP,12712.0
2456174.9375,16.0,231.78448303,SKP,12714.0
2456175.0,17.0,166.94193297,SKP,12720.0
2456175.03125,,81.97639,PP,12723.0
2456175.0625,18.0,94.43943067,NAP,12726.0
2456175.5,19.0,93.36958804,NAP,12768.0
2456175.5416666665,,75.33529,NAP,12772.0
2456175.677083333,,21.6704,NAP,12785.0
2456179.125,20.0,45.826802577,NAP,13116.0
2456179.229166667,21.0,45.523615682,NAP,13126.0
2456189.375,22.0,99.4692528,NAP,14100.0
2456197.4375,,11.17367,NAP,14874.0
2456205.2916666665,,10.58632,NAP,15628.0
2456220.333333333,23.0,31.460422888,NAP,17072.0
2456220.645833333,,8.52398,PP,17102.0
2456220.6666666665,,12.56937,PP,17104.0
2456220.71875,24.0,29.810262701,NAP,17109.0
2456231.96875,25.0,303.22967389,SKP,17822.0
2456232.0,,28.82296,PP,17825.0
2456238.03125,26.0,303.5072737,SKP,18404.0
2456238.114583333,27.0,303.45702548,SKP,18412.0
2456238.1354166665,28.0,98.15088519,SKP,18414.0
2456238.28125,29.0,303.45702548,SKP,18428.0
2456238.302083333,30.0,82.04546646,SKP,18430.0
2456238.3229166665,31.0,199.33870119,SKP,18432.0
2456238.354166667,32.0,303.42770373,SKP,18435.0
2456238.3854166665,33.0,125.19992178,SKP,18438.0
2456244.854166667,,13.21987,NAP,19059.0
2456245.979166667,,17.21745,PP,19167.0
2456246.0416666665,,16.92266,PP,19173.0
2456248.1354166665,34.0,303.37467766,SKP,19374.0
2456255.59375,,6.79855,NAP,20090.0
2456264.375,35.0,23.472344833,NAP,20933.0
2456266.677083333,36.0,44.796633818,NAP,21154.0
2456267.0,37.0,303.40375249,SKP,21185.0
2456282.8125,38.0,80.46295618,SKP,21922.0
2456283.229166667,39.0,25.459970584,NAP,21962.0
2456290.395833333,,6.98983,PP,22650.0
2456291.7604166665,40.0,38.296508029,NAP,22781.0
2456294.21875,,7.86899,PP,23017.0
2456307.052083333,,15.05005,NAP,24249.0
2456314.59375,41.0,70.52843863,NAP,24973.0
2456314.625,42.0,67.81139268,NAP,24976.0
2456314.65625,43.0,114.36951674,NAP,24979.0
2456314.6875,44.0,85.25233996,NAP,24982.0
2456314.708333333,,57.71352,PP,24984.0
2456314.7604166665,45.0,89.45979503,NAP,24989.0
2456314.7916666665,46.0,90.24685253,NAP,24992.0
2456314.8125,47.0,62.80428719,NAP,24994.0
2456314.84375,48.0,66.04048244,NAP,24997.0
2456314.895833333,49.0,205.39138942,NAP,25002.0
2456314.927083333,,17.70846,PP,25005.0
2456314.958333333,50.0,90.92366025,NAP,25008.0
2456314.979166667,,48.36087,PP,25010.0
2456315.0104166665,51.0,78.96841115,NAP,25013.0
2456315.03125,,69.47341,PP,25015.0
2456315.989583333,,12.13582,PP,25107.0
2456316.0416666665,52.0,23.015542833,NAP,25112.0
2456316.0625,,13.56857,PP,25114.0
2456316.083333333,53.0,68.37356779,NAP,25116.0
2456316.125,54.0,24.04611901,NAP,25120.0
2456316.145833333,55.0,30.77839281,NAP,25122.0
2456316.177083333,,19.50906,PP,25125.0
2456316.21875,56.0,47.728481649,NAP,25129.0
2456316.2916666665,57.0,53.840739329,NAP,25136.0
2456316.4479166665,,24.20112,PP,25151.0
2456316.46875,58.0,44.171728682,NAP,25153.0
2456317.479166667,,7.59038,PP,25250.0
2456319.677083333,,7.21896,PP,25461.0
2456320.270833333,,9.38869,PP,25518.0
2456320.375,,14.05729,PP,25528.0
2456323.395833333,,20.62201,NAP,25818.0
2456323.53125,,35.58368,NAP,25831.0
2456323.7604166665,59.0,44.371351156,NAP,25853.0
2456323.875,60.0,49.812967943,NAP,25864.0
2456361.1354166665,,10.13707,NAP,29441.0
2456363.8229166665,61.0,46.845742649,NAP,29699.0
2456363.9479166665,,44.14216,NAP,29711.0
2456364.052083333,,32.70848,NAP,29721.0
2456364.1666666665,62.0,71.42852376,NAP,29732.0
2456364.25,63.0,102.56877783,NAP,29740.0
2456364.354166667,64.0,53.106349865,NAP,29750.0
2456368.1979166665,,23.27951,PP,30119.0
2456368.5625,,17.94172,PP,30154.0
2456376.989583333,,9.04076,PP,30963.0
2456378.125,,15.73174,PP,31072.0
2456380.5625,,7.29244,PP,31306.0
2456383.052083333,,9.5768,PP,31545.0
2456384.125,,9.94118,NAP,31648.0
2456391.0729166665,,12.90206,NAP,32315.0
2456391.71875,,15.1267,NAP,32377.0
2456395.0729166665,,18.56132,PP,32699.0
2456396.0625,,6.54338,NAP,32794.0
2456398.1354166665,,14.43529,NAP,32993.0
2456399.145833333,,18.01467,NAP,33090.0
2456399.375,65.0,33.528698884,NAP,33112.0
2456400.125,,16.54825,NAP,33184.0
2456401.34375,,9.79204,PP,33301.0
2456401.5416666665,,12.08872,PP,33320.0
2456401.96875,,68.03646026,FPT,33361.0
2456401.989583333,66.0,136.07958736,NAP,33363.0
2456402.0104166665,67.0,160.45367786,NAP,33365.0
2456402.125,68.0,303.37609745,NAP,33376.0
2456402.229166667,69.0,260.14207216,NAP,33386.0
2456406.520833333,70.0,73.31147395,SKP,33798.0
2456407.4479166665,71.0,102.54334507,SKP,33887.0
2456409.177083333,72.0,137.74777888,SKP,34053.0
2456409.21875,73.0,61.34887898,SKP,34057.0
2456409.270833333,,14.86898,PP,34062.0
2456409.677083333,74.0,26.52297353,SKP,34101.0
2456411.489583333,,7.23101,PP,34275.0
2456413.03125,,8.50284,PP,34423.0
2456415.28125,,59.6843,PP,34639.0
2456415.333333333,75.0,102.36340212,NAP,34644.0
2456415.427083333,,101.32449,PP,34653.0
2456415.5104166665,,98.53978,PP,34661.0
2456415.552083333,,109.61853,PP,34665.0
2456415.625,,118.23727,PP,34672.0
2456415.677083333,76.0,122.98690128,NAP,34677.0
2456415.729166667,77.0,107.47767089,NAP,34682.0
2456416.84375,78.0,28.685184067,SKP,34789.0
2456416.864583333,,26.04528,PP,34791.0
2456418.552083333,79.0,160.09416234,SKP,34953.0
2456419.0104166665,80.0,122.61701512,SKP,34997.0
2456419.1354166665,81.0,36.434083064,SKP,35009.0
2456419.3229166665,82.0,200.68694612,NAP,35027.0
2456419.3854166665,,182.19424,PP,35033.0
2456419.854166667,83.0,221.37884212,NAP,35078.0
2456420.03125,84.0,160.29200699,NAP,35095.0
2456420.0625,85.0,144.14640203,NAP,35098.0
2456420.25,86.0,49.451804232,SKP,35116.0
2456420.583333333,,127.23152,PP,35148.0
2456420.739583333,,140.58866,PP,35163.0
2456420.7916666665,87.0,147.99316871,NAP,35168.0
2456420.927083333,88.0,192.38024867,NAP,35181.0
2456421.09375,89.0,303.26603286,SKP,35197.0
2456421.270833333,,136.9706,PP,35214.0
2456421.75,90.0,89.7331972,SKP,35260.0
2456421.78125,91.0,303.32165159,SKP,35263.0
2456421.90625,92.0,254.70211591,NAP,35275.0
2456421.979166667,93.0,178.26840029,NAP,35282.0
2456422.020833333,94.0,269.61805927,NAP,35286.0
2456422.052083333,,26.4252,PP,35289.0
2456422.59375,95.0,40.105135299,NAP,35341.0
2456423.020833333,96.0,157.00303259,NAP,35382.0
2456423.0729166665,97.0,303.30152761,NAP,35387.0
2456423.125,98.0,303.328874,NAP,35392.0
2456423.15625,99.0,303.30862656,NAP,35395.0
2456423.354166667,,25.12594,PP,35414.0
2456423.5625,100.0,210.71887361,SKP,35434.0
2456423.677083333,101.0,303.31041673,SKP,35445.0
2456423.6979166665,102.0,245.45817187,SKP,35447.0
2456423.802083333,103.0,255.12249721,SKP,35457.0
2456424.333333333,,25.78347,PP,35508.0
2456424.604166667,104.0,299.40741402,SKP,35534.0
2456424.65625,,20.59101,PP,35539.0
2456425.052083333,,16.77646,PP,35577.0
2456425.125,105.0,112.94441796,SKP,35584.0
2456425.1666666665,,26.04649,PP,35588.0
2456426.0625,,30.67458,PP,35674.0
2456426.520833333,106.0,93.6007968,NAP,35718.0
2456426.9375,107.0,97.4973486,NAP,35758.0
2456427.0104166665,,71.38586,PP,35765.0
2456428.1979166665,,5.81814,NAP,35879.0
2456433.708333333,108.0,195.1343034,NAP,36408.0
2456434.364583333,109.0,78.3224772,NAP,36471.0
2456434.5625,110.0,23.45224098,NAP,36490.0
2456435.5729166665,,15.03282,NAP,36587.0
2456436.427083333,,12.64652,NAP,36669.0
2456438.0416666665,,9.97179,PP,36824.0
2456441.90625,,7.66062,NAP,37195.0
2456445.4479166665,111.0,44.20169604,NAP,37535.0
2456445.9166666665,,5.65577,NAP,37580.0
2456446.125,,11.98269,NAP,37600.0
2456451.302083333,,12.73293,NAP,38097.0
2456451.59375,112.0,29.36616726,NAP,38125.0
2456454.6979166665,,19.93484,NAP,38423.0
2456454.9166666665,,17.83856,NAP,38444.0
2456455.0,113.0,37.02269904,NAP,38452.0
2456455.875,114.0,123.317574,SKP,38536.0
2456456.114583333,,17.08659,PP,38559.0
2456456.177083333,,15.20422,PP,38565.0
2456456.354166667,115.0,32.12417766,NAP,38582.0
2456456.46875,116.0,37.15086606,NAP,38593.0
2456456.5416666665,,20.22631,PP,38600.0
2456456.729166667,,26.5563,PP,38618.0
2456457.1875,,21.23128,PP,38662.0
2456457.3854166665,,55.49306,PP,38681.0
2456457.4479166665,117.0,78.8647722,NAP,38687.0
2456457.552083333,118.0,61.6116336,NAP,38697.0
2456457.59375,,44.52175,PP,38701.0
2456457.6354166665,,31.20411,PP,38705.0
2456457.7916666665,,23.99606,PP,38720.0
2456458.4375,119.0,70.821873,NAP,38782.0
2456458.65625,120.0,61.777134,NAP,38803.0
2456458.989583333,121.0,58.048122,NAP,38835.0
2456459.4479166665,122.0,494.4801546,NAP,38879.0
2456459.489583333,123.0,1000.150806,NAP,38883.0
2456459.5104166665,124.0,316.9349346,NAP,38885.0
2456459.5625,125.0,93.4412292,NAP,38890.0
2456459.6354166665,126.0,228.197427,NAP,38897.0
2456459.770833333,127.0,28.02325326,NAP,38910.0
2456459.875,,23.24502,PP,38920.0
2456460.0625,128.0,56.582226,NAP,38938.0
2456460.114583333,129.0,55.9948788,NAP,38943.0
2456460.1666666665,,19.93266,NAP,38948.0
2456460.208333333,,23.24213,NAP,38952.0
2456460.375,,19.933,PP,38968.0
2456460.625,,20.51961,PP,38992.0
2456460.708333333,,17.21251,PP,39000.0
2456461.34375,130.0,52.0588986,NAP,39061.0
2456461.3854166665,,38.1104,PP,39065.0
2456461.4166666665,,42.17314,PP,39068.0
2456461.854166667,131.0,35.0965908,NAP,39110.0
2456462.020833333,,33.29476,PP,39126.0
2456462.0729166665,132.0,421.6044822,SKP,39131.0
2456466.90625,,12.48114,PP,39595.0
2456467.177083333,,7.4108,NAP,39621.0
2456467.3125,,19.47244,NAP,39634.0
2456467.395833333,133.0,43.6461264,NAP,39642.0
2456469.145833333,134.0,208.5200598,NAP,39810.0
2456471.739583333,135.0,49.5537738,NAP,40059.0
2456471.833333333,,16.58658,NAP,40068.0
2456475.46875,136.0,123.4370334,NAP,40417.0
2456475.614583333,137.0,78.1622298,NAP,40431.0
2456475.677083333,138.0,90.1493904,NAP,40437.0
2456475.6979166665,139.0,1584.79611,NAP,40439.0
2456475.78125,,26.47179,NAP,40447.0
2456476.114583333,,11.64273,PP,40479.0
2456476.145833333,,14.66136,PP,40482.0
2456478.104166667,140.0,25.76645322,NAP,40670.0
2456478.177083333,,14.11457,NAP,40677.0
2456481.6354166665,,8.4634,NAP,41009.0
2456482.0416666665,141.0,22.45563564,NAP,41048.0
2456482.333333333,142.0,164.0904948,NAP,41076.0
2456484.145833333,,14.82576,NAP,41250.0
2456484.625,143.0,33.8862378,NAP,41296.0
2456484.78125,,8.58726,NAP,41311.0
2456490.8854166665,144.0,23.08346184,NAP,41897.0
2456490.90625,,8.33776,PP,41899.0
2456491.03125,,9.67851,PP,41911.0
2456491.28125,145.0,314.7819462,NAP,41935.0
2456491.40625,,17.01071,NAP,41947.0
2456493.3125,,6.32665,NAP,42130.0
2456494.083333333,146.0,42.73626972,NAP,42204.0
2456496.6979166665,147.0,82.2002418,NAP,42455.0
2456497.6875,,10.38736,NAP,42550.0
2456502.375,,10.72449,NAP,43000.0
2456502.520833333,148.0,190.8510072,NAP,43014.0
2456506.28125,,4.9412,NAP,43375.0
2456506.9375,,5.82101,PP,43438.0
2456507.40625,149.0,38.61972846,NAP,43483.0
2456507.71875,150.0,79.6266426,NAP,43513.0
2456513.65625,151.0,128.5486968,NAP,44083.0
2456521.375,152.0,20.18800824,NAP,44824.0
2456527.177083333,,6.07471,NAP,45381.0
2456537.71875,153.0,241.1728932,NAP,46393.0
2456538.3854166665,,12.06412,NAP,46457.0
2456541.9375,,4.8183,PP,46798.0
2456543.6979166665,154.0,27.76694394,NAP,46967.0
2456545.9479166665,,5.3599,NAP,47183.0
2456546.083333333,,15.87306,NAP,47196.0
2456547.1979166665,,5.65217,NAP,47303.0
2456548.15625,155.0,115.9598514,NAP,47395.0
2456548.479166667,156.0,113.5308642,NAP,47426.0
2456548.583333333,157.0,258.2906898,NAP,47436.0
2456548.677083333,,33.00802,NAP,47445.0
2456548.854166667,158.0,46.37643804,NAP,47462.0
2456549.552083333,159.0,36.90228174,NAP,47529.0
2456549.6979166665,,7.07912,PP,47543.0
2456550.09375,,11.98291,PP,47581.0
2456556.770833333,160.0,1124.08638,SKP,48222.0
2456557.59375,161.0,120.6690732,NAP,48301.0
2456557.645833333,162.0,698.924628,NAP,48306.0
2456560.0416666665,,16.80122,PP,48536.0
2456561.7604166665,,6.19953,PP,48701.0
2456565.0416666665,,12.26922,PP,49016.0
2456573.104166667,163.0,62.947935,NAP,49790.0
2456573.1875,164.0,95.3259438,NAP,49798.0
2456573.770833333,,11.51929,PP,49854.0
2456573.802083333,165.0,21.86566812,NAP,49857.0
2456581.989583333,166.0,87.03294,SKP,50643.0
2456583.59375,,15.28541,NAP,50797.0
2456597.479166667,,19.55796,NAP,52130.0
2456597.677083333,167.0,60.1414116,NAP,52149.0
2456598.302083333,168.0,259.3003782,NAP,52209.0
2456598.854166667,,15.11812,PP,52262.0
2456598.875,169.0,35.65164132,NAP,52264.0
2456599.1979166665,,5.9436,PP,52295.0
2456602.125,170.0,150.4568586,SKP,52576.0
2456604.03125,171.0,856.376814,NAP,52759.0
2456611.09375,,5.70429,PP,53437.0
2456614.333333333,,7.58162,NAP,53748.0
2456614.770833333,172.0,49.29342894,NAP,53790.0
2456623.770833333,173.0,44.43144372,NAP,54654.0
2456623.958333333,,18.1514,NAP,54672.0
2456630.09375,174.0,87.7351116,SKP,55261.0
2456632.75,175.0,24.51051654,NAP,55516.0
2456633.395833333,176.0,39.1783881,NAP,55578.0
2456635.4166666665,,13.37428,PP,55772.0
2456641.739583333,,5.20703,PP,56379.0
2456647.5729166665,,6.4557,NAP,56939.0
2456648.1354166665,177.0,33.72814722,NAP,56993.0
2456648.229166667,,28.44896,NAP,57002.0
2456648.5625,,36.15825,NAP,57034.0
2456648.614583333,,34.14713,NAP,57039.0
2456648.708333333,178.0,49.02103926,NAP,57048.0
2456654.375,179.0,136.9323612,SKP,57592.0
2456655.458333333,,5.49473,PP,57696.0
2456663.958333333,180.0,43.49050782,NAP,58512.0
2456667.375,,8.34479,PP,58840.0
2456667.6666666665,,6.0396,PP,58868.0
2456669.208333333,181.0,52.2891036,NAP,59016.0
2456669.270833333,,49.3981,NAP,59022.0
2456669.40625,,22.70737,NAP,59035.0
2456669.489583333,,16.80122,NAP,59043.0
2456671.395833333,182.0,44.11893348,NAP,59226.0
2456672.2916666665,183.0,69.6769044,NAP,59312.0
2456672.375,184.0,26.85680916,NAP,59320.0
2456672.59375,185.0,27.90426972,NAP,59341.0
2456678.145833333,,5.15943,PP,59874.0
2456679.114583333,,8.77824,PP,59967.0
2456683.65625,,6.91976,PP,60403.0
2456686.5,,5.41641,PP,60676.0
2456688.302083333,,9.14112,PP,60849.0
2456689.28125,,6.20725,PP,60943.0
2456689.4479166665,,9.26686,PP,60959.0
2456689.604166667,,6.96167,PP,60974.0
2456689.84375,,6.37489,PP,60997.0
2456689.979166667,186.0,45.3535368,NAP,61010.0
2456690.0416666665,187.0,21.21192918,NAP,61016.0
2456690.21875,188.0,47.65872624,NAP,61033.0
2456690.2916666665,189.0,24.06196596,NAP,61040.0
2456690.375,190.0,81.0629982,NAP,61048.0
2456690.552083333,,8.47052,PP,61065.0
2456690.583333333,191.0,109.8568542,NAP,61068.0
2456691.1354166665,,12.53154,PP,61121.0
2456691.229166667,192.0,70.7271954,NAP,61130.0
2456691.270833333,193.0,59.2157094,NAP,61134.0
2456691.302083333,194.0,48.94767648,NAP,61137.0
2456691.34375,195.0,38.93277018,NAP,61141.0
2456691.3854166665,,15.9304,PP,61145.0
2456691.5,196.0,215.8116564,NAP,61156.0
2456691.53125,197.0,212.3329344,NAP,61159.0
2456691.5729166665,198.0,124.6519596,NAP,61163.0
2456691.59375,199.0,148.7935734,NAP,61165.0
2456691.802083333,,7.12932,PP,61185.0
2456692.270833333,,10.94335,PP,61230.0
2456696.3125,,5.53664,PP,61618.0
2456697.395833333,,6.20725,PP,61722.0
2456698.28125,,6.62637,PP,61807.0
2456698.375,,5.15943,PP,61816.0
2456699.46875,,4.99178,PP,61921.0
2456699.583333333,,9.60216,PP,61932.0
2456709.875,,11.85723,NAP,62920.0
2456710.1979166665,200.0,176.6433108,NAP,62951.0
2456710.427083333,,15.0415,PP,62973.0
2456715.2916666665,,5.24325,PP,63440.0
2456721.40625,,14.71549,PP,64027.0
2456721.84375,201.0,21.00236538,NAP,64069.0
2456727.927083333,202.0,20.58177312,NAP,64653.0
2456732.052083333,,6.78753,NAP,65049.0
2456732.875,,5.99768,PP,65128.0
2456741.614583333,,6.54254,PP,65967.0
2456743.6979166665,203.0,37.64161986,NAP,66167.0
2456744.552083333,,7.92477,PP,66249.0
2456745.5729166665,,14.87391,NAP,66347.0
2456745.6875,,9.00814,PP,66358.0
2456746.0,,13.95213,PP,66388.0
2456746.145833333,,11.39536,NAP,66402.0
2456746.2916666665,,10.22266,PP,66416.0
2456746.6666666665,,10.51622,PP,66452.0
2456746.708333333,,13.28176,PP,66456.0
2456746.8854166665,204.0,57.8615478,NAP,66473.0
2456747.020833333,,35.11077,NAP,66486.0
2456747.104166667,,35.82302,NAP,66494.0
2456747.6875,,8.67471,PP,66550.0
2456749.145833333,,11.34641,NAP,66690.0
2456752.364583333,,15.04143,NAP,66999.0
2456755.125,,8.28887,NAP,67264.0
2456755.770833333,205.0,39.80339004,NAP,67326.0
2456756.114583333,,16.67236,PP,67359.0
2456756.208333333,206.0,46.66893744,NAP,67368.0
2456756.2604166665,,24.50295,NAP,67373.0
2456756.302083333,,30.2018,NAP,67377.0
2456756.3229166665,,19.73361,NAP,67379.0
2456758.1666666665,,21.31483,NAP,67556.0
2456758.1875,207.0,40.41399258,NAP,67558.0
2456758.239583333,,14.52961,NAP,67563.0
2456758.927083333,,20.94113,NAP,67629.0
2456758.979166667,,41.79616194,NAP,67634.0
2456759.0,208.0,75.8479434,NAP,67636.0
2456759.0625,209.0,893.38389,NAP,67642.0
2456759.114583333,210.0,2241.131268,NAP,67647.0
2456759.145833333,211.0,2437.107102,NAP,67650.0
2456759.3125,212.0,1336.224768,NAP,67666.0
2456761.40625,213.0,451.4006724,NAP,67867.0
2456761.875,214.0,758.51466,NAP,67912.0
2456761.9166666665,215.0,806.2737,NAP,67916.0
2456762.0,216.0,776.150526,NAP,67924.0
2456762.979166667,217.0,89.1252408,NAP,68018.0
2456763.125,218.0,653.932374,NAP,68032.0
2456763.208333333,219.0,1243.588422,NAP,68040.0
2456763.25,220.0,241.2518736,NAP,68044.0
2456763.2916666665,221.0,1414.590258,NAP,68048.0
2456763.333333333,222.0,612.091302,NAP,68052.0
2456763.364583333,223.0,3039.301134,NAP,68055.0
2456763.3854166665,224.0,3038.657178,NAP,68057.0
2456763.4166666665,225.0,2831.782914,NAP,68060.0
2456763.46875,226.0,2941.294368,NAP,68065.0
2456763.520833333,227.0,3025.099494,NAP,68070.0
2456763.552083333,228.0,2820.971004,NAP,68073.0
2456763.583333333,229.0,2784.77907,NAP,68076.0
2456763.677083333,230.0,2092.108602,NAP,68085.0
2456763.6979166665,231.0,2097.47346,NAP,68087.0
2456763.729166667,232.0,2161.39011,NAP,68090.0
2456763.7916666665,233.0,2977.133424,NAP,68096.0
2456763.854166667,234.0,3039.331416,NAP,68102.0
2456763.927083333,235.0,3038.870388,NAP,68109.0
2456764.03125,236.0,865.497258,NAP,68119.0
2456765.15625,237.0,651.393012,NAP,68227.0
2456766.729166667,238.0,558.672,NAP,68378.0
2456768.552083333,239.0,480.7015356,NAP,68553.0
2456769.677083333,240.0,461.7264018,NAP,68661.0
2456770.083333333,241.0,445.1402088,NAP,68700.0
2456771.083333333,242.0,2057.697126,SKP,68796.0
2456771.114583333,243.0,3039.13551,SKP,68799.0
2456771.15625,,8.08635,PP,68803.0
2456777.03125,244.0,284.8916346,SKP,69367.0
2456778.40625,245.0,27.48528426,NAP,69499.0
2456778.7916666665,,10.26509,NAP,69536.0
2456779.239583333,,6.69727,NAP,69579.0
2456781.53125,,12.89613,PP,69799.0
2456782.28125,,6.07056,NAP,69871.0
2456784.03125,,17.71434,PP,70039.0
2456784.0625,246.0,36.8538429,NAP,70042.0
2456785.28125,,8.95902,PP,70159.0
2456787.75,,13.69193,NAP,70396.0
2456794.5729166665,,54.78879,PP,71051.0
2456794.59375,247.0,54.9920502,NAP,71053.0
2456794.6666666665,,49.46596,NAP,71060.0
2456800.4479166665,,8.33077,PP,71615.0
2456801.083333333,,5.4426,NAP,71676.0
2456801.96875,248.0,146.2569924,NAP,71761.0
2456805.177083333,,8.83346,NAP,72069.0
2456805.458333333,249.0,30.19441704,NAP,72096.0
2456808.03125,250.0,23.36813736,NAP,72343.0
2456808.0625,,11.93284,PP,72346.0
2456812.177083333,251.0,104.8284354,SKP,72741.0
2456818.7916666665,,6.78544,PP,73376.0
2456818.864583333,,8.25142,PP,73383.0
2456818.927083333,,19.39433,PP,73389.0
2456818.9479166665,252.0,35.73175266,NAP,73391.0
2456818.989583333,,14.91147,PP,73395.0
2456819.03125,,19.10347,PP,73399.0
2456819.052083333,,13.07125,PP,73401.0
2456819.083333333,,18.01509,PP,73404.0
2456819.104166667,253.0,26.35304028,NAP,73406.0
2456819.208333333,,11.01821,PP,73416.0
2456819.229166667,,9.673,PP,73418.0
2456819.2604166665,254.0,29.90632398,NAP,73421.0
2456820.4375,255.0,23.12221662,NAP,73534.0
2456820.520833333,,16.87811,NAP,73542.0
2456820.5729166665,,18.67943,NAP,73547.0
2456820.614583333,,14.40562,NAP,73551.0
2456821.0416666665,,7.58017,PP,73592.0
2456821.0729166665,,12.31278,PP,73595.0
2456821.104166667,,11.47617,PP,73598.0
2456821.125,,11.26586,PP,73600.0
2456821.177083333,,23.41541,NAP,73605.0
2456821.25,256.0,39.87337236,NAP,73612.0
2456822.09375,257.0,62.4493326,NAP,73693.0
2456826.458333333,,12.98411,NAP,74112.0
2456826.5104166665,258.0,21.07360842,NAP,74117.0
2456826.708333333,259.0,20.23149072,NAP,74136.0
2456826.833333333,,10.09339,PP,74148.0
2456826.864583333,,10.38793,PP,74151.0
2456826.90625,,6.45009,PP,74155.0
2456826.927083333,,8.50167,PP,74157.0
2456833.114583333,260.0,46.53578316,NAP,74751.0
2456834.0416666665,261.0,52.1430702,NAP,74840.0
2456842.302083333,262.0,445.3371036,NAP,75633.0
2456848.114583333,263.0,177.1879542,SKP,76191.0
2456852.4375,264.0,93.8476878,NAP,76606.0
2456853.2916666665,265.0,24.7596138,NAP,76688.0
2456854.6979166665,266.0,27.06461166,NAP,76823.0
2456860.96875,267.0,212.4321852,NAP,77425.0
2456861.020833333,268.0,205.6739844,NAP,77430.0
2456861.0729166665,,15.41857,PP,77435.0
2456862.114583333,269.0,234.158964,NAP,77535.0
2456862.1354166665,,146.81165,NAP,77537.0
2456865.9166666665,,13.36418,NAP,77900.0
2456866.2604166665,270.0,119.8554144,NAP,77933.0
2456866.34375,271.0,39.67324542,NAP,77941.0
2456866.989583333,272.0,160.6591116,NAP,78003.0
2456868.0416666665,273.0,151.2804054,NAP,78104.0
2456868.104166667,274.0,65.3573316,NAP,78110.0
2456875.09375,275.0,88.6485156,SKP,78781.0
2456883.125,276.0,58.61112,NAP,79552.0
2456883.364583333,,9.29954,NAP,79575.0
2456885.427083333,277.0,64.9349904,NAP,79773.0
2456885.520833333,278.0,20.73606918,NAP,79782.0
2456887.604166667,,9.3398,NAP,79982.0
2456892.1875,,6.4893,NAP,80422.0
2456903.4375,279.0,28.57441656,NAP,81502.0
2456911.989583333,,10.04896,NAP,82323.0
2456917.177083333,,17.88236,PP,82821.0
2456920.09375,,16.17274,PP,83101.0
2456922.489583333,,12.05899,NAP,83331.0
2456922.75,280.0,31.28613258,NAP,83356.0
2456935.302083333,,21.73636,NAP,84561.0
2456938.7604166665,281.0,22.74012576,NAP,84893.0
2456945.0729166665,282.0,52.9792242,NAP,85499.0
2456945.104166667,283.0,114.590796,NAP,85502.0
2456947.1666666665,,10.25882,NAP,85700.0
2456952.0625,284.0,213.890727,SKP,86170.0
2456954.0416666665,,11.60571,NAP,86360.0
2456958.0625,285.0,69.8863446,SKP,86746.0
2456985.8229166665,,32.97398,NAP,89411.0
2456985.864583333,286.0,43.36476336,NAP,89415.0
2456985.927083333,287.0,58.741209,NAP,89421.0
2456986.333333333,,6.3622,PP,89460.0
2457002.15625,,6.70432,NAP,90979.0
2457009.0104166665,,9.34591,NAP,91637.0
2457009.614583333,,17.97439,PP,91695.0
2457009.645833333,288.0,38.67272196,NAP,91698.0
2457009.6875,,9.47042,PP,91702.0
2457009.739583333,,7.75238,PP,91707.0
2457016.2604166665,,13.86835,NAP,92333.0
2457037.71875,,8.51329,PP,94393.0
2457037.7604166665,,16.14511,PP,94397.0
2457037.7916666665,,14.7613,PP,94400.0
2457037.84375,289.0,22.60008696,NAP,94405.0
2457037.8854166665,,11.49125,PP,94409.0
2457037.9479166665,290.0,20.97007488,NAP,94415.0
2457038.0625,,8.17713,PP,94426.0
2457038.1354166665,,12.66178,PP,94433.0
2457038.15625,,11.94926,PP,94435.0
2457038.1875,,16.35007,PP,94438.0
2457038.229166667,,10.27276,PP,94442.0
2457038.28125,291.0,27.37306782,NAP,94447.0
2457038.3125,,23.09799,PP,94450.0
2457038.354166667,,14.88313,PP,94454.0
2457038.40625,,12.82943,PP,94459.0
2457041.4479166665,292.0,25.78038294,NAP,94751.0
2457075.5416666665,293.0,29.30104242,NAP,98024.0
2457107.6979166665,294.0,48.51823446,NAP,101111.0
2457107.927083333,,20.4882,PP,101133.0
2457108.239583333,,10.34775,NAP,101163.0
2457116.1354166665,,12.85424,NAP,101921.0
2457122.3125,,17.01072,PP,102514.0
2457125.145833333,295.0,28.51890162,NAP,102786.0
2457126.0729166665,,37.56587,NAP,102875.0
2457126.114583333,296.0,39.53442408,NAP,102879.0
2457127.125,,36.93761,NAP,102976.0
2457127.15625,,62.27753,NAP,102979.0
2457127.177083333,297.0,77.3976402,NAP,102981.0
2457127.25,,20.56092,NAP,102988.0
2457127.270833333,,18.67613,NAP,102990.0
2457128.145833333,,19.76583,NAP,103074.0
2457128.739583333,,17.63918,PP,103131.0
2457129.114583333,,28.64455,NAP,103167.0
2457129.208333333,,26.25716,NAP,103176.0
2457129.989583333,,93.7598082,NAP,103251.0
2457130.083333333,298.0,103.752621,NAP,103260.0
2457130.15625,299.0,294.6924966,NAP,103267.0
2457130.927083333,300.0,196.9220538,NAP,103341.0
2457131.25,301.0,199.1550114,NAP,103372.0
2457132.104166667,302.0,857.881644,NAP,103454.0
2457133.802083333,,21.07447,NAP,103617.0
2457133.90625,,15.96326,NAP,103627.0
2457134.083333333,,9.80049,NAP,103644.0
2457134.302083333,303.0,455.1836976,SKP,103665.0
2457134.9479166665,,17.76489,NAP,103727.0
2457135.1666666665,304.0,90.0159642,NAP,103748.0
2457135.354166667,,61.20789,NAP,103766.0
2457135.40625,305.0,67.8644958,NAP,103771.0
2457135.489583333,,37.32282,NAP,103779.0
2457141.0416666665,306.0,53.7342348,NAP,104312.0
2457148.09375,,11.80842,PP,104989.0
2457154.1875,,17.42556,NAP,105574.0
2457155.104166667,,15.33089,NAP,105662.0
2457159.34375,,11.05362,NAP,106069.0
2457161.614583333,,8.45829,NAP,106287.0
2457163.03125,307.0,37.03810578,SKP,106423.0
2457163.1354166665,308.0,33.09965976,NAP,106433.0
2457169.927083333,309.0,67.8289608,SKP,107085.0
2457169.9479166665,,28.40273,PP,107087.0
2457169.96875,310.0,699.74595,SKP,107089.0
2457170.0104166665,,439.55429,PP,107093.0
2457170.052083333,311.0,23.5049502,SKP,107097.0
2457173.427083333,312.0,349.5575478,NAP,107421.0
2457174.739583333,,11.56393,NAP,107547.0
2457175.1979166665,,6.82939,PP,107591.0
2457176.1979166665,313.0,92.5429044,SKP,107687.0
2457179.364583333,314.0,54.2367306,NAP,107991.0
2457183.3125,,5.60866,NAP,108201.0
2457186.302083333,,9.58769,NAP,108488.0
2457186.479166667,315.0,30.11052354,NAP,108505.0
2457217.8854166665,,17.05046,PP,109869.0
2457218.0104166665,,5.36234,PP,109881.0
2457218.15625,,6.11578,NAP,109895.0
2457218.6354166665,316.0,82.9529658,NAP,109941.0
2457218.979166667,317.0,147.8474154,SKP,109974.0
2457222.239583333,318.0,51.8169516,NAP,110287.0
2457222.3125,319.0,39.8364654,NAP,110294.0
2457222.864583333,320.0,48.37684842,NAP,110347.0
2457223.229166667,321.0,441.0254412,NAP,110382.0
2457223.3229166665,322.0,381.1691748,NAP,110391.0
2457223.4479166665,323.0,47.04986028,NAP,110403.0
2457223.625,,12.06349,PP,110420.0
2457224.114583333,,12.31785,PP,110467.0
2457225.125,,15.03679,NAP,110564.0
2457228.0,,7.7077,NAP,110840.0
2457228.0416666665,324.0,23.37107286,NAP,110844.0
2457231.5625,,12.52483,NAP,111182.0
2457232.1666666665,,7.12243,PP,111240.0
2457232.895833333,,5.82319,PP,111310.0
2457233.0104166665,325.0,207.4800894,SKP,111321.0
2457259.979166667,,6.714,NAP,112663.0
2457279.395833333,,9.2391,NAP,114527.0
2457285.520833333,,11.98503,NAP,115115.0
2457293.03125,,7.24526,PP,115836.0
2457310.0416666665,,18.39689,NAP,117469.0
2457317.052083333,326.0,261.4661,SKP,118110.0
2457324.177083333,,6.3873,NAP,118794.0
2457324.34375,,9.89065,NAP,118810.0
2457324.520833333,,25.88396,NAP,118827.0
2457324.5416666665,327.0,55.07397,NAP,118829.0
2457329.145833333,328.0,362.5612,SKP,119271.0
2457330.770833333,329.0,27.86804,SKP,119427.0
2457330.958333333,,11.85375,PP,119445.0
2457339.4375,,11.22961,NAP,120259.0
2457345.1354166665,,17.5439,PP,120806.0
2457346.53125,330.0,32.60176,NAP,120940.0
2457358.8125,,19.43293,NAP,122119.0
2457359.375,331.0,21.72604,NAP,122173.0
2457361.104166667,332.0,104.3969,SKP,122339.0
2457364.28125,,14.53313,PP,122644.0
2457365.0625,,14.53813,PP,122719.0
2457365.09375,,6.57054,PP,122722.0
2457371.6979166665,,13.59039,NAP,123356.0
2457371.7604166665,,16.68064,NAP,123362.0
2457371.989583333,,6.82936,PP,123384.0
2457374.4479166665,,9.65512,NAP,123620.0
2457379.020833333,333.0,93.11534,NAP,124059.0
2457379.052083333,,79.30112,NAP,124062.0
2457379.1875,,13.77127,NAP,124075.0
2457380.625,,12.87218,NAP,124213.0
2457398.114583333,334.0,62.4262,NAP,125892.0
2457398.1666666665,335.0,108.9034,NAP,125897.0
2457398.302083333,336.0,133.3617,NAP,125910.0
2457422.03125,337.0,20.1101,NAP,128188.0
2457434.7916666665,,6.39246,PP,129413.0
2457435.145833333,,15.66892,NAP,129447.0
2457435.25,338.0,29.94774,NAP,129457.0
2457443.229166667,339.0,30.56193,NAP,130223.0
2457443.4166666665,340.0,35.18636,NAP,130241.0
2457443.5,,35.96542,NAP,130249.0
2457443.552083333,341.0,54.02343,NAP,130254.0
2457444.0625,,37.49024,NAP,130303.0
2457444.114583333,342.0,39.48157,NAP,130308.0
2457457.052083333,,13.53808,NAP,131550.0
2457458.21875,343.0,130.6161,NAP,131662.0
2457460.03125,344.0,47.60899,NAP,131836.0
2457464.0,,8.81998,NAP,132217.0
2457464.5,,16.04499,NAP,132265.0
2457470.0625,345.0,20.31191,NAP,132799.0
2457475.0416666665,,7.36084,NAP,133277.0
2457476.03125,,9.09078,NAP,133372.0
2457476.3229166665,,7.13958,NAP,133400.0
2457480.020833333,346.0,142.6394,NAP,133755.0
2457486.114583333,,9.13628,NAP,134340.0
2457486.3125,347.0,100.6895,NAP,134359.0
2457490.8229166665,,9.84594,NAP,134792.0
2457492.03125,348.0,24.13397,SKP,134908.0
2457497.583333333,,9.4124,NAP,135441.0
2457511.145833333,,17.18776,NAP,136743.0
2457512.0625,349.0,39.90949,SKP,136831.0
2457516.90625,,18.16449,NAP,137296.0
2457516.958333333,,13.09239,NAP,137301.0
2457519.104166667,350.0,26.61757,SKP,137507.0
2457522.15625,,8.15339,NAP,137800.0
2457523.479166667,,10.90952,NAP,137927.0
2457526.0729166665,351.0,21.99265,SKP,138176.0
2457533.229166667,352.0,21.62645,NAP,138863.0
2457533.958333333,,10.15102,PP,138933.0
2457533.979166667,,10.77666,PP,138935.0
2457539.1666666665,,18.34542,NAP,139433.0
2457542.6354166665,,5.41433,PP,139766.0
2457545.020833333,353.0,42.43583,NAP,139995.0
2457545.15625,354.0,64.90145,NAP,140008.0
2457545.270833333,355.0,364.0663,NAP,140019.0
2457552.739583333,,10.33672,NAP,140736.0
2457553.302083333,,14.30387,NAP,140790.0
2457554.15625,356.0,87.993,SKP,140872.0
2457560.5,,6.03325,PP,141481.0
2457561.96875,357.0,42.06901,NAP,141622.0
2457566.8854166665,,12.56823,PP,142094.0
2457568.2916666665,358.0,166.7468,NAP,142229.0
2457568.3125,359.0,160.9951,NAP,142231.0
2457568.333333333,360.0,199.6106,NAP,142233.0
2457568.364583333,361.0,476.1469,NAP,142236.0
2457569.09375,362.0,106.9163,SKP,142306.0
2457571.2916666665,363.0,29.08368,NAP,142517.0
2457577.104166667,,10.5592,NAP,143075.0
2457577.1354166665,364.0,43.69006,NAP,143078.0
2457579.0625,365.0,28.48615,NAP,143263.0
2457582.1354166665,,12.07234,PP,143558.0
2457584.1354166665,,24.81264,NAP,143750.0
2457584.1666666665,366.0,144.489,NAP,143753.0
2457588.083333333,367.0,64.00237,NAP,144129.0
2457588.3229166665,,14.2612,NAP,144152.0
2457592.364583333,368.0,31.791,NAP,144540.0
2457592.4166666665,369.0,180.7807,NAP,144545.0
2457593.020833333,,16.95207,NAP,144603.0
2457593.09375,370.0,138.9777,NAP,144610.0
2457593.125,371.0,169.5531,NAP,144613.0
2457602.0,372.0,65.89818,NAP,145465.0
2457602.104166667,,35.17705,NAP,145475.0
2457608.1666666665,,6.78549,PP,146057.0
2457609.114583333,373.0,61.94426,NAP,146148.0
2457609.1666666665,374.0,43.82236,NAP,146153.0
2457613.1979166665,,15.39533,NAP,146540.0
2457614.2916666665,,15.96321,NAP,146645.0
2457615.083333333,,6.82909,PP,146721.0
2457617.177083333,,8.91289,NAP,146922.0
2457617.489583333,375.0,599.1696,NAP,146952.0
2457617.5729166665,,52.54902,NAP,146960.0
2457622.364583333,,8.51782,NAP,147420.0
2457622.46875,376.0,55.59709,NAP,147430.0
2457622.53125,377.0,48.18818,NAP,147436.0
2457623.114583333,378.0,57.86349,SKP,147492.0
2457627.09375,,8.74038,PP,147874.0
2457629.2604166665,,8.42481,NAP,148082.0
2457631.625,,10.60235,NAP,148309.0
2457631.677083333,379.0,45.36666,NAP,148314.0
2457631.6979166665,,32.19091,NAP,148316.0
2457632.46875,380.0,28.31652,NAP,148390.0
2457639.03125,381.0,175.996,SKP,149020.0
2457640.270833333,,6.12146,NAP,149139.0
2457642.7604166665,382.0,81.6766,NAP,149378.0
2457642.7916666665,383.0,93.65784,NAP,149381.0
2457645.96875,,18.38734,NAP,149686.0
2457649.5,,5.67829,NAP,150025.0
2457650.9166666665,,9.49034,PP,150161.0
2457654.614583333,,12.2068,NAP,150516.0
2457654.927083333,,15.87388,NAP,150546.0
2457665.0729166665,,13.05233,NAP,151520.0
2457678.8854166665,,6.72229,PP,152846.0
2457680.052083333,384.0,284.3503,SKP,152958.0
2457680.0729166665,385.0,38.67537,NAP,152960.0
2457683.208333333,,25.0844,NAP,153261.0
2457683.25,386.0,114.8021,NAP,153265.0
2457684.21875,,6.34291,NAP,153358.0
2457690.90625,,9.36029,NAP,154000.0
2457696.0,,16.90484,NAP,154489.0
2457710.989583333,387.0,52.27824,SKP,155928.0
2457711.0104166665,,6.29922,PP,155930.0
2457722.125,,10.56499,NAP,156997.0
2457722.25,388.0,21.05895,NAP,157009.0
2457723.3229166665,389.0,38.13668,NAP,157112.0
2457723.6666666665,390.0,61.70729,NAP,157145.0
2457723.739583333,,19.10881,NAP,157152.0
2457740.802083333,391.0,22.32353,NAP,158790.0
2457741.020833333,,16.65117,NAP,158811.0
2457766.458333333,392.0,25.66842,NAP,161253.0
2457777.333333333,393.0,44.68922,NAP,162297.0
2457779.53125,,10.9245,PP,162508.0
2457804.145833333,,8.77849,NAP,164871.0
2457804.40625,,8.26991,PP,164896.0
2457807.1666666665,,7.22773,NAP,165161.0
2457808.125,,14.70159,NAP,165253.0
2457809.177083333,,12.69595,NAP,165354.0
2457810.1354166665,,28.34343,NAP,165446.0
2457810.40625,394.0,138.6194,NAP,165472.0
2457810.4375,,97.08253,NAP,165475.0
2457812.3125,395.0,22.3135,NAP,165655.0
2457814.3229166665,396.0,23.76144,NAP,165848.0
2457814.5625,,23.22314,NAP,165871.0
2457820.729166667,,8.73569,NAP,166463.0
2457842.125,397.0,172.5735,NAP,168517.0
2457849.125,398.0,24.86277,NAP,169189.0
2457850.177083333,399.0,27.40232,NAP,169290.0
2457850.40625,,13.41336,NAP,169312.0
2457854.0729166665,400.0,33.70019,NAP,169664.0
2457855.0416666665,,123.7473,NAP,169757.0
2457855.0729166665,401.0,130.8152,NAP,169760.0
2457855.15625,,48.5301,NAP,169768.0
2457855.239583333,402.0,666.2674,NAP,169776.0
2457855.2604166665,403.0,91.1991,NAP,169778.0
2457855.302083333,,48.23838,PP,169782.0
2457855.3229166665,404.0,3616.767,NAP,169784.0
2457855.3854166665,405.0,482.2135,NAP,169790.0
2457855.4375,406.0,44.51501,NAP,169795.0
2457855.458333333,407.0,2104.754,NAP,169797.0
2457855.489583333,408.0,416.1544,NAP,169800.0
2457855.520833333,,31.33619,PP,169803.0
2457855.552083333,409.0,507.5167,NAP,169806.0
2457855.583333333,410.0,3920.664,NAP,169809.0
2457855.604166667,411.0,4718.505,NAP,169811.0
2457855.739583333,412.0,103.2901,NAP,169824.0
2457855.770833333,413.0,465.481,NAP,169827.0
2457856.552083333,,16.00875,PP,169902.0
2457856.5729166665,414.0,24.21701,NAP,169904.0
2457858.177083333,,8.81874,NAP,170058.0
2457859.114583333,,17.84775,NAP,170148.0
2457859.395833333,415.0,68.66377,NAP,170175.0
2457859.59375,,22.06131,NAP,170194.0
2457859.979166667,,54.80268,NAP,170231.0
2457860.09375,416.0,213.4094,NAP,170242.0
2457860.1979166665,,38.67226,NAP,170252.0
2457860.270833333,417.0,99.41243,NAP,170259.0
2457860.34375,,51.65245,NAP,170266.0
2457860.979166667,,20.5052,NAP,170327.0
2457861.1354166665,,13.50132,PP,170342.0
2457861.583333333,418.0,23.21353,NAP,170385.0
2457862.1354166665,419.0,123.135,NAP,170438.0
2457862.15625,420.0,107.4761,NAP,170440.0
2457862.1979166665,421.0,23.34443,NAP,170444.0
2457863.229166667,,10.20466,NAP,170543.0
2457867.7916666665,,19.4274,PP,170981.0
2457868.0416666665,422.0,54.45354,NAP,171005.0
2457868.0625,423.0,194.1801,NAP,171007.0
2457874.6979166665,,6.03314,NAP,171644.0
2457875.4479166665,,19.55914,NAP,171716.0
2457881.34375,,13.98842,NAP,172282.0
2457896.1354166665,,10.29132,NAP,173702.0
2457899.875,,15.78503,NAP,174061.0
2457904.333333333,,5.54643,NAP,174489.0
2457904.9479166665,424.0,30.83073,NAP,174548.0
2457905.145833333,425.0,30.32096,NAP,174567.0
2457909.1979166665,,12.47312,NAP,174956.0
2457910.34375,,9.04625,NAP,175066.0
2457918.0729166665,426.0,78.73473,NAP,175808.0
2457920.71875,427.0,39.88311,NAP,176062.0
2457920.958333333,428.0,27.26554,NAP,176085.0
2457923.5,,5.41387,PP,176329.0
2457924.15625,429.0,69.92925,NAP,176392.0
2457924.208333333,430.0,336.3373,NAP,176397.0
2457924.78125,431.0,46.87342,NAP,176452.0
2457925.0,432.0,23.54947,NAP,176473.0
2457927.65625,433.0,23.26388,NAP,176728.0
2457928.65625,434.0,39.93374,NAP,176824.0
2457928.854166667,435.0,63.18653,NAP,176843.0
2457930.229166667,436.0,44.81754,NAP,176975.0
2457930.7916666665,,9.97979,PP,177029.0
2457932.3125,,11.85033,NAP,177175.0
2457933.0729166665,437.0,1352.643,SKP,177248.0
2457933.104166667,438.0,30.95951,NAP,177251.0
2457933.375,,7.53689,NAP,177277.0
2457934.40625,439.0,106.4388,NAP,177376.0
2457936.125,440.0,23.72053,NAP,177541.0
2457942.177083333,,6.69778,NAP,178122.0
2457942.864583333,441.0,48.78027,NAP,178188.0
2457946.395833333,,11.98446,NAP,178527.0
2457947.0625,442.0,83.96825,NAP,178591.0
2457947.15625,,6.60792,PP,178600.0
2457947.6875,443.0,33.1101,NAP,178651.0
2457949.125,,9.17964,NAP,178789.0
2457952.125,444.0,73.4445,NAP,179077.0
2457958.989583333,,11.76141,NAP,179736.0
2457959.145833333,,9.13526,NAP,179751.0
2457959.5416666665,445.0,26.80449,NAP,179789.0
2457960.927083333,446.0,37.32203,NAP,179922.0
2457960.958333333,,16.4592,PP,179925.0
2457961.0104166665,447.0,32.62217,NAP,179930.0
2457963.833333333,448.0,19.55993,NAP,180201.0
2457968.125,449.0,7530.751,SKP,180590.0
2457969.0416666665,450.0,342.9507,NAP,180678.0
2457969.0625,,212.6684,NAP,180680.0
2457969.895833333,451.0,9371.975,SKP,180760.0
2457970.96875,,16.01267,NAP,180863.0
2457971.0729166665,452.0,637.3318,NAP,180873.0
2457971.15625,,40.58386,NAP,180881.0
2457971.2916666665,453.0,107.2228,NAP,180894.0
2457971.520833333,,10.02411,PP,180916.0
2457975.0416666665,454.0,1984.355,NAP,181254.0
2457975.0625,455.0,284.0958,NAP,181256.0
2457975.09375,456.0,484.0929,NAP,181259.0
2457975.125,457.0,49.40508,NAP,181262.0
2457975.177083333,,12.11903,PP,181267.0
2457977.614583333,,35.59136,NAP,181501.0
2457977.6354166665,458.0,36.9502,NAP,181503.0
2457978.3125,,6.82959,NAP,181568.0
2457978.802083333,,16.18723,NAP,181615.0
2457981.3229166665,459.0,547.8909,NAP,181857.0
2457982.1354166665,,9.02882,PP,181935.0
2457983.84375,,33.7076,NAP,182099.0
2457983.90625,460.0,54.08522,NAP,182105.0
2457987.895833333,461.0,4573.781,SKP,182488.0
2457988.2604166665,462.0,32.98209,NAP,182523.0
2457988.3125,,25.5344,NAP,182528.0
2458000.208333333,463.0,43.22448,NAP,183670.0
2458000.3229166665,464.0,38.45152,NAP,183681.0
2458000.479166667,465.0,56.44458,NAP,183696.0
2458001.0416666665,466.0,97.63966,NAP,183750.0
2458001.0625,,16.68396,PP,183752.0
2458001.979166667,467.0,128.0494,NAP,183840.0
2458002.21875,468.0,129.3888,NAP,183863.0
2458002.25,469.0,179.0043,NAP,183866.0
2458004.96875,,8.29157,NAP,184127.0
2458024.0104166665,470.0,118.5775,NAP,185955.0
2458031.4479166665,,11.58245,NAP,186669.0
2458034.083333333,,11.271,PP,186922.0
2458036.958333333,,17.91961,PP,187198.0
2458051.2916666665,471.0,964.8466,NAP,188031.0
2458051.3125,472.0,312.4093,NAP,188033.0
2458051.34375,473.0,338.1848,NAP,188036.0
2458051.395833333,,70.7646,NAP,188041.0
2458051.4375,474.0,93.51668,NAP,188045.0
2458051.5,,26.57973,NAP,188051.0
2458051.5625,,23.64086,PP,188057.0
2458053.2916666665,475.0,122.8198,NAP,188223.0
2458053.333333333,476.0,407.7625,NAP,188227.0
2458053.4375,477.0,2375.708,NAP,188237.0
2458056.552083333,,15.96265,NAP,188536.0
2458056.6354166665,478.0,496.1483,NAP,188544.0
2458056.65625,479.0,86.06323,NAP,188546.0
2458056.7916666665,480.0,10420.16,SKP,188559.0
2458057.302083333,,12.83092,PP,188608.0
2458057.677083333,,14.48453,PP,188644.0
2458058.020833333,481.0,582.8131,NAP,188677.0
2458058.0625,482.0,113.0844,NAP,188681.0
2458059.145833333,483.0,77.90674,NAP,188785.0
2458062.09375,,8.55818,PP,189068.0
2458063.489583333,,8.78031,NAP,189202.0
2458076.739583333,,14.09153,NAP,190474.0
2458076.9479166665,,9.80378,NAP,190494.0
2458078.0,,8.5653,PP,190595.0
2458082.708333333,,9.54253,PP,191047.0
2458084.9479166665,484.0,345.3415,NAP,191262.0
2458092.6666666665,485.0,69.98711,NAP,192003.0
2458093.1666666665,486.0,94.16792,NAP,192051.0
2458093.4375,487.0,28.40051,NAP,192077.0
2458093.604166667,488.0,32.79461,NAP,192093.0
2458100.40625,,7.94328,PP,192746.0
2458102.958333333,,12.56717,PP,192991.0
2458111.229166667,489.0,39.07072,NAP,193785.0
2458129.645833333,,13.55493,PP,195553.0
2458130.71875,,42.29643,NAP,195656.0
2458130.895833333,490.0,152.0161,NAP,195673.0
2458130.958333333,,82.2784,NAP,195679.0
2458131.354166667,,51.68273,NAP,195717.0
2458131.395833333,491.0,131.1163,NAP,195721.0
2458131.5104166665,492.0,1472.08,NAP,195732.0
2458131.552083333,493.0,1487.339,NAP,195736.0
2458131.59375,494.0,1519.907,NAP,195740.0
2458131.6354166665,495.0,1476.991,NAP,195744.0
2458131.677083333,496.0,1426.468,NAP,195748.0
2458131.729166667,497.0,1458.962,NAP,195753.0
2458131.78125,498.0,4292.946,NAP,195758.0
2458131.8125,499.0,3848.467,NAP,195761.0
2458131.927083333,500.0,6034.138,NAP,195772.0
2458131.958333333,501.0,3389.5,NAP,195775.0
2458131.979166667,502.0,2229.682,NAP,195777.0
2458132.0104166665,503.0,3018.23,NAP,195780.0
2458132.03125,504.0,3125.813,NAP,195782.0
2458132.052083333,505.0,2997.542,NAP,195784.0
2458132.0729166665,506.0,3176.262,NAP,195786.0
2458132.145833333,507.0,5477.896,NAP,195793.0
2458132.1875,508.0,5501.608,NAP,195797.0
2458132.239583333,509.0,5805.152,NAP,195802.0
2458132.2604166665,510.0,5844.469,NAP,195804.0
2458132.5104166665,511.0,5687.22,NAP,195828.0
2458132.5729166665,512.0,5773.309,NAP,195834.0
2458132.625,513.0,4097.21,NAP,195839.0
2458132.71875,514.0,4686.019,NAP,195848.0
2458132.75,515.0,4563.751,NAP,195851.0
2458132.770833333,516.0,2957.233,NAP,195853.0
2458132.8125,517.0,4593.395,NAP,195857.0
2458132.895833333,518.0,4410.558,NAP,195865.0
2458132.96875,519.0,5547.477,NAP,195872.0
2458133.1354166665,520.0,2825.421,NAP,195888.0
2458133.2916666665,521.0,2671.235,NAP,195903.0
2458133.479166667,522.0,3083.927,NAP,195921.0
2458133.614583333,523.0,3210.443,NAP,195934.0
2458135.177083333,524.0,7445.819,NAP,196084.0
2458135.3854166665,525.0,7347.404,NAP,196104.0
2458135.7916666665,526.0,5003.082,NAP,196143.0
2458135.84375,527.0,5033.544,NAP,196148.0
2458135.96875,528.0,5077.93,NAP,196160.0
2458136.1354166665,529.0,5140.76,NAP,196176.0
2458136.239583333,530.0,5386.973,NAP,196186.0
2458136.552083333,531.0,5633.135,NAP,196216.0
2458136.6354166665,532.0,5249.223,NAP,196224.0
2458137.614583333,533.0,3066.831,NAP,196318.0
2458137.979166667,534.0,2790.348,NAP,196353.0
2458138.052083333,535.0,2739.094,NAP,196360.0
2458138.1875,536.0,2661.651,NAP,196373.0
2458138.270833333,537.0,2620.033,NAP,196381.0
2458139.0,538.0,2769.586,NAP,196451.0
2458139.229166667,539.0,3182.247,NAP,196473.0
2458139.270833333,540.0,3096.855,NAP,196477.0
2458139.6666666665,541.0,3824.468,NAP,196515.0
2458139.9375,542.0,3949.425,NAP,196541.0
2458140.5416666665,543.0,4856.587,NAP,196599.0
2458140.614583333,544.0,5022.462,NAP,196606.0
2458140.6666666665,545.0,5809.616,NAP,196611.0
2458140.75,546.0,5719.868,NAP,196619.0
2458140.8854166665,547.0,6328.617,NAP,196632.0
2458140.9479166665,548.0,6347.87,NAP,196638.0
2458141.125,549.0,6070.516,NAP,196655.0
2458141.270833333,550.0,5919.442,NAP,196669.0
2458141.2916666665,551.0,6167.975,NAP,196671.0
2458141.364583333,552.0,6556.517,NAP,196678.0
2458141.3854166665,553.0,5837.4,NAP,196680.0
2458141.40625,554.0,5717.189,NAP,196682.0
2458141.427083333,555.0,5586.345,NAP,196684.0
2458141.4479166665,556.0,5630.04,NAP,196686.0
2458141.5104166665,557.0,5869.266,NAP,196692.0
2458141.5416666665,558.0,5987.085,NAP,196695.0
2458141.5625,559.0,5998.87,NAP,196697.0
2458141.604166667,560.0,6169.012,NAP,196701.0
2458141.6666666665,561.0,6572.045,NAP,196707.0
2458141.6979166665,562.0,6586.616,NAP,196710.0
2458141.75,563.0,6633.727,NAP,196715.0
2458141.833333333,564.0,6549.374,NAP,196723.0
2458142.770833333,565.0,2501.188,NAP,196813.0
2458143.0729166665,566.0,2525.31,NAP,196842.0
2458143.375,567.0,2491.031,NAP,196871.0
2458143.770833333,568.0,2503.564,NAP,196909.0
2458143.833333333,569.0,4553.377,NAP,196915.0
2458143.9166666665,570.0,4659.878,NAP,196923.0
2458143.958333333,571.0,4690.52,NAP,196927.0
2458144.1354166665,572.0,5302.417,NAP,196944.0
2458144.6979166665,573.0,7370.422,NAP,196998.0
2458144.7604166665,574.0,2912.16,NAP,197004.0
2458144.802083333,575.0,3146.819,NAP,197008.0
2458144.8854166665,576.0,2433.468,NAP,197016.0
2458144.90625,577.0,1241.796,NAP,197018.0
2458144.927083333,578.0,1208.752,NAP,197020.0
2458145.583333333,579.0,581.8043,NAP,197083.0
2458146.5729166665,580.0,314.1806,NAP,197178.0
2458149.208333333,581.0,10425.31,NAP,197431.0
2458149.4166666665,582.0,10423.84,NAP,197451.0
2458149.4479166665,583.0,10423.6,NAP,197454.0
2458149.6354166665,584.0,10422.38,NAP,197472.0
2458149.65625,585.0,10422.38,NAP,197474.0
2458150.125,586.0,7417.013,NAP,197519.0
2458150.239583333,587.0,8524.104,NAP,197530.0
2458150.2604166665,588.0,10423.11,NAP,197532.0
2458150.34375,589.0,8700.813,NAP,197540.0
2458150.375,590.0,8410.632,NAP,197543.0
2458150.4166666665,591.0,10423.84,NAP,197547.0
2458150.4479166665,592.0,10423.84,NAP,197550.0
2458150.5416666665,593.0,10423.84,NAP,197559.0
2458150.583333333,594.0,10424.09,NAP,197563.0
2458150.6666666665,595.0,10424.09,NAP,197571.0
2458150.6875,596.0,10423.84,NAP,197573.0
2458150.78125,597.0,10424.09,NAP,197582.0
2458150.8229166665,598.0,10424.09,NAP,197586.0
2458150.84375,599.0,10424.09,NAP,197588.0
2458151.052083333,600.0,10426.28,NAP,197608.0
2458151.1979166665,601.0,10428.23,NAP,197622.0
2458151.270833333,602.0,8841.033,NAP,197629.0
2458151.375,603.0,8750.496,NAP,197639.0
2458151.395833333,604.0,8810.429,NAP,197641.0
2458151.479166667,605.0,6770.311,NAP,197649.0
2458151.625,606.0,4158.987,NAP,197663.0
2458151.645833333,607.0,1229.114,NAP,197665.0
2458151.6666666665,608.0,4647.587,NAP,197667.0
2458151.979166667,609.0,4099.248,NAP,197697.0
2458152.0729166665,610.0,4149.843,NAP,197706.0
2458152.395833333,611.0,1581.127,NAP,197737.0
2458152.4375,612.0,3714.522,NAP,197741.0
2458152.46875,613.0,2546.526,NAP,197744.0
2458152.489583333,614.0,2478.174,NAP,197746.0
2458152.5104166665,615.0,2459.698,NAP,197748.0
2458152.552083333,616.0,3060.352,NAP,197752.0
2458152.59375,617.0,2500.308,NAP,197756.0
2458152.6354166665,618.0,3388.074,NAP,197760.0
2458152.6666666665,619.0,5386.356,NAP,197763.0
2458152.6979166665,620.0,5092.783,NAP,197766.0
2458152.71875,621.0,5062.324,NAP,197768.0
2458152.854166667,622.0,6233.509,NAP,197781.0
2458152.96875,623.0,4965.071,NAP,197792.0
2458153.03125,624.0,4780.925,NAP,197798.0
2458153.125,625.0,4513.779,NAP,197807.0
2458153.21875,626.0,4449.813,NAP,197816.0
2458153.239583333,627.0,6671.697,NAP,197818.0
2458153.5625,628.0,4026.846,NAP,197849.0
2458153.583333333,629.0,3869.79,NAP,197851.0
2458153.677083333,630.0,3911.997,NAP,197860.0
2458153.708333333,631.0,3754.455,NAP,197863.0
2458153.739583333,632.0,3897.436,NAP,197866.0
2458153.7916666665,633.0,3755.057,NAP,197871.0
2458154.145833333,634.0,2784.823,NAP,197905.0
2458154.2916666665,635.0,2892.783,NAP,197919.0
2458154.375,636.0,2608.652,NAP,197927.0
2458154.46875,637.0,2239.955,NAP,197936.0
2458154.5,638.0,2664.62,NAP,197939.0
2458154.8854166665,639.0,2495.289,NAP,197976.0
2458155.375,640.0,2533.25,NAP,198023.0
2458155.9166666665,641.0,2422.717,NAP,198075.0
2458157.0625,642.0,2258.031,NAP,198185.0
2458158.854166667,643.0,1955.278,NAP,198357.0
2458159.7916666665,644.0,1832.361,NAP,198447.0
2458165.104166667,645.0,182.4456,NAP,198957.0
2458170.9375,646.0,6442.383,NAP,199517.0
2458171.03125,647.0,1077.595,NAP,199526.0
2458171.1666666665,648.0,738.0524,NAP,199539.0
2458177.1666666665,,46.71579,PP,200115.0
2458177.40625,,40.7156,FPT,200138.0
2458182.114583333,649.0,225.598,NAP,200590.0
2458185.739583333,,12.44043,PP,200938.0
2458195.083333333,,14.76462,PP,201835.0
2458199.46875,,23.32567,PP,202256.0
2458199.489583333,650.0,49.94474,NAP,202258.0
2458200.03125,,14.9406,PP,202310.0
2458200.0625,,13.17778,PP,202313.0
2458200.208333333,,12.86419,PP,202327.0
2458200.2604166665,,14.34493,PP,202332.0
2458200.302083333,,16.57819,PP,202336.0
2458200.479166667,,11.59415,PP,202353.0
2458200.552083333,,9.38498,PP,202360.0
2458200.604166667,,10.47783,PP,202365.0
2458200.708333333,,8.3781,PP,202375.0
2458200.9166666665,,10.37622,PP,202395.0
2458200.96875,,19.25678,PP,202400.0
2458201.0416666665,651.0,27.30228,NAP,202407.0
2458201.083333333,,13.0072,PP,202411.0
2458201.479166667,,7.92967,PP,202449.0
2458201.6666666665,,10.77267,PP,202467.0
2458206.90625,652.0,105.8285,NAP,202970.0
2458206.927083333,653.0,53.34066,NAP,202972.0
2458207.083333333,654.0,45.21389,NAP,202987.0
2458207.458333333,,14.74222,NAP,203023.0
2458207.833333333,,9.05439,NAP,203059.0
2458209.177083333,,-0.6128,PP,203188.0
2458213.0,,8.11604,NAP,203555.0
2458213.833333333,,-0.32167,PP,203635.0
2458220.0,,0.61688,PP,204227.0
2458221.333333333,655.0,30.52941,NAP,204355.0
2458222.375,656.0,61.31827,NAP,204455.0
2458222.4166666665,657.0,52.88107,NAP,204459.0
2458223.270833333,,3.67007,PP,204541.0
2458225.3229166665,658.0,67.01889,NAP,204738.0
2458227.3854166665,659.0,124.5404,NAP,204936.0
2458227.958333333,,11.26233,PP,204991.0
2458228.0,660.0,64.60036,NAP,204995.0
2458232.104166667,,10.16059,NAP,205389.0
2458233.09375,661.0,61.04462,NAP,205484.0
2458234.145833333,662.0,61.43756,NAP,205585.0
2458234.46875,663.0,48.23125,NAP,205616.0
2458234.520833333,,21.10389,PP,205621.0
2458234.552083333,,30.24223,PP,205624.0
2458234.71875,,22.72636,PP,205640.0
2458234.9166666665,,25.16355,NAP,205659.0
2458235.03125,664.0,37.80795,NAP,205670.0
2458235.0625,,33.38824,NAP,205673.0
2458237.145833333,,9.53262,NAP,205873.0
2458237.3854166665,665.0,17.76918,NAP,205896.0
2458237.520833333,,11.90729,NAP,205909.0
2458237.5729166665,,13.71768,NAP,205914.0
2458238.0625,666.0,64.7975,NAP,205961.0
2458238.46875,,3.65349,PP,206000.0
2458238.84375,,4.88734,PP,206036.0
2458239.03125,,5.80642,NAP,206054.0
2458239.15625,,5.74148,NAP,206066.0
2458240.208333333,,13.45393,PP,206167.0
2458241.0625,,2.23631,NAP,206249.0
2458243.3229166665,667.0,579.7343,NAP,206466.0
2458243.354166667,668.0,535.9315,NAP,206469.0
2458243.4166666665,669.0,101.9478,NAP,206475.0
2458243.458333333,,66.77184,PP,206479.0
2458243.5,670.0,130.6277,NAP,206483.0
2458243.5416666665,671.0,6338.961,SKP,206487.0
2458244.1666666665,,13.27369,PP,206547.0
2458247.145833333,,9.09886,PP,206833.0
2458253.875,,0.70335,NAP,207479.0
2458258.6666666665,,-0.5678,NAP,207939.0
2458261.1666666665,672.0,30.36437,NAP,208179.0
2458283.927083333,,-1.04703,NAP,210364.0
2458288.052083333,,27.09536,NAP,210760.0
2458288.104166667,673.0,39.33315,NAP,210765.0
2458288.3854166665,,1.97565,NAP,210792.0
2458297.6875,674.0,26.71534,NAP,211685.0
2458297.9479166665,675.0,34.32175,NAP,211710.0
2458300.53125,676.0,169.2103,NAP,211958.0
2458300.552083333,,130.6896,NAP,211960.0
2458300.59375,,32.89697,NAP,211964.0
2458300.6666666665,677.0,93.40703,NAP,211971.0
2458300.6875,,87.13657,NAP,211973.0
2458305.6354166665,678.0,60.48743,NAP,212448.0
2458322.65625,,1.14297,NAP,214082.0
2458323.114583333,,4.00295,NAP,214126.0
2458325.114583333,,9.22546,NAP,214318.0
2458326.020833333,679.0,252.2124,NAP,214405.0
2458326.083333333,680.0,64.00017,NAP,214411.0
2458327.5416666665,681.0,58.6543,NAP,214551.0
2458328.21875,682.0,185.088,NAP,214616.0
2458334.53125,,5.07109,NAP,215222.0
2458346.3229166665,683.0,117.9888,NAP,216354.0
2458348.364583333,,-0.7006,NAP,216550.0
2458348.729166667,,3.56137,NAP,216585.0
2458358.739583333,684.0,70.62994,NAP,217546.0
2458360.21875,685.0,50.71824,NAP,217688.0
2458365.270833333,686.0,185.7046,NAP,218173.0
2458365.2916666665,687.0,153.9137,NAP,218175.0
2458367.84375,688.0,111.4462,NAP,218420.0
2458372.677083333,689.0,20.19464,NAP,218884.0
2458382.875,690.0,34.62701,NAP,219863.0
2458382.958333333,,12.34346,NAP,219871.0
2458387.09375,,12.18095,NAP,220268.0
2458387.9166666665,,5.90961,PP,220347.0
2458388.229166667,691.0,113.6202,NAP,220377.0
2458394.302083333,,1.18542,NAP,220960.0
2458425.4375,,4.69363,PP,223949.0
2458425.645833333,692.0,19.38247,NAP,223969.0
2458426.0625,,5.10945,NAP,224009.0
2458455.114583333,,4.80225,NAP,226798.0
2458456.427083333,693.0,19.12382,NAP,226924.0
2458468.40625,,9.18784,PP,228074.0
2458471.7916666665,694.0,137.6497,NAP,228399.0
2458471.8125,695.0,82.5728,NAP,228401.0
2458473.833333333,,7.81401,NAP,228595.0
2458473.895833333,,22.42898,NAP,228601.0
2458474.104166667,696.0,78.45296,NAP,228621.0
2458474.333333333,,10.73018,PP,228643.0
2458474.5416666665,697.0,24.21935,NAP,228663.0
2458474.7916666665,698.0,46.7758,NAP,228687.0
2458481.302083333,,0.31132,NAP,229312.0
