timestamp_of_peak,value_of_peak,label_of_peak,idx_of_peak
2456044.4895833335,8.61404,NPP,191
2456048.8333333335,16.16877,NPP,608
2456055.9166666665,8.73446,NPP,1288
2456056.1145833335,20.50276,NPP,1307
2456062.84375,9.02177,NPP,1953
2456063.052083333,18.36375,NPP,1973
2456063.2083333335,21.08313,NPP,1988
2456064.2083333335,108.7519,NPP,2084
2456064.4375,8.44037,NPP,2106
2456076.5625,237.5158,NPP,3270
2456076.625,33.92541,NPP,3276
2456076.8229166665,41.79478,NPP,3295
2456076.875,142.63099,NPP,3300
2456077.2916666665,9.51551,NPP,3340
2456081.1458333335,32.70718,NPP,3710
2456091.8125,6.36949,NPP,4734
2456104.0729166665,186.88727,NPP,5911
2456107.6875,6.54079,NPP,6258
2456111.2604166665,55.17743,NPP,6601
2456112.6666666665,14.93265,NPP,6736
2456113.15625,303.3027,NPP,6783
2456113.3229166665,52.02011,NPP,6799
2456124.0729166665,39.86921,NPP,7831
2456124.104166667,34.88467,NPP,7834
2456125.8854166665,12.41063,NPP,8005
2456132.5208333335,187.16962,NPP,8642
2456145.40625,27.20095,NPP,9879
2456149.1458333335,101.82271,NPP,10238
2456149.5416666665,172.9219,NPP,10276
2456150.03125,51.31241,NPP,10323
2456174.9166666665,65.84091,PP,12712
2456174.9375,231.78448,PP,12714
2456175.0,166.94193,PP,12720
2456175.03125,81.97639,PP,12723
2456175.0625,94.43943,PP,12726
2456175.5,93.36959,NPP,12768
2456175.5416666665,75.33529,NPP,12772
2456175.677083333,21.6704,NPP,12785
2456179.125,45.8268,NPP,13116
2456179.229166667,45.52362,NPP,13126
2456189.375,99.46925,NPP,14100
2456197.4375,11.17367,NPP,14874
2456205.2916666665,10.58632,NPP,15628
2456220.3333333335,31.46042,NPP,17072
2456220.6458333335,8.52398,PP,17102
2456220.6666666665,12.56937,PP,17104
2456220.71875,29.81026,PP,17109
2456231.96875,303.22967,PP,17822
2456232.0,28.82296,PP,17825
2456238.03125,303.50727,PP,18404
2456238.1145833335,303.45703,PP,18412
2456238.1354166665,98.15089,PP,18414
2456238.28125,303.45703,PP,18428
2456238.302083333,82.04547,PP,18430
2456238.3229166665,199.3387,PP,18432
2456238.354166667,303.4277,PP,18435
2456238.3854166665,125.19992,PP,18438
2456244.854166667,13.21987,NPP,19059
2456245.979166667,17.21745,PP,19167
2456246.0416666665,16.92266,PP,19173
2456248.1354166665,303.37468,PP,19374
2456255.59375,6.79855,NPP,20090
2456264.375,23.47234,NPP,20933
2456266.677083333,44.79663,NPP,21154
2456267.0,303.40375,PP,21185
2456282.8125,80.46296,PP,21922
2456283.229166667,25.45997,NPP,21962
2456290.3958333335,6.98983,PP,22650
2456291.7604166665,38.29651,PP,22781
2456294.21875,7.86899,PP,23017
2456307.052083333,15.05005,NPP,24249
2456314.59375,70.52844,PP,24973
2456314.625,67.81139,PP,24976
2456314.65625,114.36952,PP,24979
2456314.6875,85.25234,PP,24982
2456314.7083333335,57.71352,PP,24984
2456314.7604166665,89.4598,PP,24989
2456314.7916666665,90.24685,PP,24992
2456314.8125,62.80429,PP,24994
2456314.84375,66.04048,PP,24997
2456314.8958333335,205.39139,PP,25002
2456314.927083333,17.70846,PP,25005
2456314.9583333335,90.92366,PP,25008
2456314.979166667,48.36087,PP,25010
2456315.0104166665,78.96841,PP,25013
2456315.03125,69.47341,PP,25015
2456315.9895833335,12.13582,PP,25107
2456316.0416666665,23.01554,PP,25112
2456316.0625,13.56857,PP,25114
2456316.0833333335,68.37357,PP,25116
2456316.125,24.04612,PP,25120
2456316.1458333335,30.77839,PP,25122
2456316.177083333,19.50906,PP,25125
2456316.21875,47.72848,PP,25129
2456316.2916666665,53.84074,PP,25136
2456316.4479166665,24.20112,PP,25151
2456316.46875,44.17173,PP,25153
2456317.479166667,7.59038,PP,25250
2456319.677083333,7.21896,PP,25461
2456320.2708333335,9.38869,PP,25518
2456320.375,14.05729,PP,25528
2456323.3958333335,20.62201,NPP,25818
2456323.53125,35.58368,NPP,25831
2456323.7604166665,44.37135,NPP,25853
2456323.875,49.81297,NPP,25864
2456361.1354166665,10.13707,NPP,29441
2456363.8229166665,46.84574,NPP,29699
2456363.9479166665,44.14216,NPP,29711
2456364.052083333,32.70848,NPP,29721
2456364.1666666665,71.42852,NPP,29732
2456364.25,102.56878,NPP,29740
2456364.354166667,53.10635,NPP,29750
2456368.1979166665,23.27951,PP,30119
2456368.5625,17.94172,PP,30154
2456376.9895833335,9.04076,PP,30963
2456378.125,15.73174,PP,31072
2456380.5625,7.29244,PP,31306
2456383.052083333,9.5768,PP,31545
2456384.125,9.94118,NPP,31648
2456391.0729166665,12.90206,NPP,32315
2456391.71875,15.1267,NPP,32377
2456395.0729166665,18.56132,PP,32699
2456396.0625,6.54338,NPP,32794
2456398.1354166665,14.43529,NPP,32993
2456399.1458333335,18.01467,NPP,33090
2456399.375,33.5287,NPP,33112
2456400.125,16.54825,NPP,33184
2456401.34375,9.79204,PP,33301
2456401.5416666665,12.08872,PP,33320
2456406.5208333335,73.31147,PP,33798
2456407.4479166665,102.54335,PP,33887
2456409.177083333,137.74778,PP,34053
2456409.21875,61.34888,PP,34057
2456409.2708333335,14.86898,PP,34062
2456409.677083333,26.52297,PP,34101
2456411.4895833335,7.23101,PP,34275
2456413.03125,8.50284,PP,34423
2456415.28125,59.6843,PP,34639
2456415.3333333335,102.3634,PP,34644
2456415.427083333,101.32449,PP,34653
2456415.5104166665,98.53978,PP,34661
2456415.552083333,109.61853,PP,34665
2456415.625,118.23727,PP,34672
2456415.677083333,122.9869,PP,34677
2456415.729166667,107.47767,PP,34682
2456416.84375,28.68518,PP,34789
2456416.8645833335,26.04528,PP,34791
2456418.552083333,160.09416,PP,34953
2456419.0104166665,122.61702,PP,34997
2456419.1354166665,36.43408,PP,35009
2456419.3229166665,200.68695,PP,35027
2456419.3854166665,182.19424,PP,35033
2456419.854166667,221.37884,PP,35078
2456420.03125,160.29201,PP,35095
2456420.0625,144.1464,PP,35098
2456420.25,49.4518,PP,35116
2456420.5833333335,127.23152,PP,35148
2456420.7395833335,140.58866,PP,35163
2456420.7916666665,147.99317,PP,35168
2456420.927083333,192.38025,PP,35181
2456421.09375,303.26603,PP,35197
2456421.2708333335,136.9706,PP,35214
2456421.75,89.7332,PP,35260
2456421.78125,303.32165,PP,35263
2456421.90625,254.70212,PP,35275
2456421.979166667,178.2684,PP,35282
2456422.0208333335,269.61806,PP,35286
2456422.052083333,26.4252,PP,35289
2456422.59375,40.10514,PP,35341
2456423.0208333335,157.00303,PP,35382
2456423.0729166665,303.30153,PP,35387
2456423.125,303.32887,PP,35392
2456423.15625,303.30863,PP,35395
2456423.354166667,25.12594,PP,35414
2456423.5625,210.71887,PP,35434
2456423.677083333,303.31042,PP,35445
2456423.6979166665,245.45817,PP,35447
2456423.802083333,255.1225,PP,35457
2456424.3333333335,25.78347,PP,35508
2456424.604166667,299.40741,PP,35534
2456424.65625,20.59101,PP,35539
2456425.052083333,16.77646,PP,35577
2456425.125,112.94442,PP,35584
2456425.1666666665,26.04649,PP,35588
2456426.0625,30.67458,PP,35674
2456426.5208333335,93.6008,PP,35718
2456426.9375,97.49735,PP,35758
2456427.0104166665,71.38586,PP,35765
2456428.1979166665,5.81814,NPP,35879
2456433.7083333335,195.1343,NPP,36408
2456434.3645833335,78.32248,NPP,36471
2456434.5625,23.45224,NPP,36490
2456435.5729166665,15.03282,NPP,36587
2456436.427083333,12.64652,NPP,36669
2456438.0416666665,9.97179,PP,36824
2456441.90625,7.66062,NPP,37195
2456445.4479166665,44.2017,NPP,37535
2456445.9166666665,5.65577,NPP,37580
2456446.125,11.98269,NPP,37600
2456451.302083333,12.73293,NPP,38097
2456451.59375,29.36617,NPP,38125
2456454.6979166665,19.93484,NPP,38423
2456454.9166666665,17.83856,NPP,38444
2456455.0,37.0227,NPP,38452
2456455.875,123.31757,PP,38536
2456456.1145833335,17.08659,PP,38559
2456456.177083333,15.20422,PP,38565
2456456.354166667,32.12418,PP,38582
2456456.46875,37.15087,PP,38593
2456456.5416666665,20.22631,PP,38600
2456456.729166667,26.5563,PP,38618
2456457.1875,21.23128,PP,38662
2456457.3854166665,55.49306,PP,38681
2456457.4479166665,78.86477,PP,38687
2456457.552083333,61.61163,PP,38697
2456457.59375,44.52175,PP,38701
2456457.6354166665,31.20411,PP,38705
2456457.7916666665,23.99606,PP,38720
2456458.4375,70.82187,PP,38782
2456458.65625,61.77713,PP,38803
2456458.9895833335,58.04812,PP,38835
2456459.4479166665,494.48015,PP,38879
2456459.4895833335,1000.15081,PP,38883
2456459.5104166665,316.93493,PP,38885
2456459.5625,93.44123,PP,38890
2456459.6354166665,228.19743,PP,38897
2456459.7708333335,28.02325,PP,38910
2456459.875,23.24502,PP,38920
2456460.0625,56.58223,NPP,38938
2456460.1145833335,55.99488,NPP,38943
2456460.1666666665,19.93266,NPP,38948
2456460.2083333335,23.24213,NPP,38952
2456460.375,19.933,PP,38968
2456460.625,20.51961,PP,38992
2456460.7083333335,17.21251,PP,39000
2456461.34375,52.0589,PP,39061
2456461.3854166665,38.1104,PP,39065
2456461.4166666665,42.17314,PP,39068
2456461.854166667,35.09659,PP,39110
2456462.0208333335,33.29476,PP,39126
2456462.0729166665,421.60448,PP,39131
2456466.90625,12.48114,PP,39595
2456467.177083333,7.4108,NPP,39621
2456467.3125,19.47244,NPP,39634
2456467.3958333335,43.64613,NPP,39642
2456469.1458333335,208.52006,NPP,39810
2456471.7395833335,49.55377,NPP,40059
2456471.8333333335,16.58658,NPP,40068
2456475.46875,123.43703,NPP,40417
2456475.6145833335,78.16223,NPP,40431
2456475.677083333,90.14939,PPP,40437
2456475.6979166665,1584.79611,PPP,40439
2456475.78125,26.47179,NPP,40447
2456476.1145833335,11.64273,PP,40479
2456476.1458333335,14.66136,PP,40482
2456478.104166667,25.76645,NPP,40670
2456478.177083333,14.11457,NPP,40677
2456481.6354166665,8.4634,NPP,41009
2456482.0416666665,22.45564,PP,41048
2456482.3333333335,164.09049,NPP,41076
2456484.1458333335,14.82576,NPP,41250
2456484.625,33.88624,NPP,41296
2456484.78125,8.58726,NPP,41311
2456490.8854166665,23.08346,PP,41897
2456490.90625,8.33776,PP,41899
2456491.03125,9.67851,PP,41911
2456491.28125,314.78195,NPP,41935
2456491.40625,17.01071,NPP,41947
2456493.3125,6.32665,NPP,42130
2456494.0833333335,42.73627,NPP,42204
2456496.6979166665,82.20024,NPP,42455
2456497.6875,10.38736,NPP,42550
2456502.375,10.72449,NPP,43000
2456502.5208333335,190.85101,NPP,43014
2456506.28125,4.9412,NPP,43375
2456506.9375,5.82101,PP,43438
2456507.40625,38.61973,NPP,43483
2456507.71875,79.62664,NPP,43513
2456513.65625,128.5487,NPP,44083
2456521.375,20.18801,NPP,44824
2456527.177083333,6.07471,NPP,45381
2456537.71875,241.17289,NPP,46393
2456538.3854166665,12.06412,NPP,46457
2456541.9375,4.8183,PP,46798
2456543.6979166665,27.76694,NPP,46967
2456545.9479166665,5.3599,NPP,47183
2456546.0833333335,15.87306,NPP,47196
2456547.1979166665,5.65217,NPP,47303
2456548.15625,115.95985,NPP,47395
2456548.479166667,113.53086,NPP,47426
2456548.5833333335,258.29069,NPP,47436
2456548.677083333,33.00802,NPP,47445
2456548.854166667,46.37644,NPP,47462
2456549.552083333,36.90228,PP,47529
2456549.6979166665,7.07912,PP,47543
2456550.09375,11.98291,PP,47581
2456556.7708333335,1124.08638,PP,48222
2456557.59375,120.66907,NPP,48301
2456557.6458333335,698.92463,PPP,48306
2456560.0416666665,16.80122,PP,48536
2456561.7604166665,6.19953,PP,48701
2456565.0416666665,12.26922,PP,49016
2456573.104166667,62.94794,PP,49790
2456573.1875,95.32594,NPP,49798
2456573.7708333335,11.51929,PP,49854
2456573.802083333,21.86567,PP,49857
2456581.9895833335,87.03294,PP,50643
2456583.59375,15.28541,NPP,50797
2456597.479166667,19.55796,NPP,52130
2456597.677083333,60.14141,NPP,52149
2456598.302083333,259.30038,PP,52209
2456598.854166667,15.11812,PP,52262
2456598.875,35.65164,PP,52264
2456599.1979166665,5.9436,PP,52295
2456602.125,150.45686,PP,52576
2456604.03125,856.37681,PPP,52759
2456611.09375,5.70429,PP,53437
2456614.3333333335,7.58162,NPP,53748
2456614.7708333335,49.29343,NPP,53790
2456623.7708333335,44.43144,NPP,54654
2456623.9583333335,18.1514,NPP,54672
2456630.09375,87.73511,PP,55261
2456632.75,24.51052,NPP,55516
2456633.3958333335,39.17839,PP,55578
2456635.4166666665,13.37428,PP,55772
2456641.7395833335,5.20703,PP,56379
2456647.5729166665,6.4557,NPP,56939
2456648.1354166665,33.72815,NPP,56993
2456648.229166667,28.44896,NPP,57002
2456648.5625,36.15825,NPP,57034
2456648.6145833335,34.14713,NPP,57039
2456648.7083333335,49.02104,NPP,57048
2456654.375,136.93236,PP,57592
2456655.4583333335,5.49473,PP,57696
2456663.9583333335,43.49051,NPP,58512
2456667.375,8.34479,PP,58840
2456667.6666666665,6.0396,PP,58868
2456669.2083333335,52.2891,NPP,59016
2456669.2708333335,49.3981,NPP,59022
2456669.40625,22.70737,NPP,59035
2456669.4895833335,16.80122,NPP,59043
2456671.3958333335,44.11893,PP,59226
2456672.2916666665,69.6769,NPP,59312
2456672.375,26.85681,NPP,59320
2456672.59375,27.90427,PP,59341
2456678.1458333335,5.15943,PP,59874
2456679.1145833335,8.77824,PP,59967
2456683.65625,6.91976,PP,60403
2456686.5,5.41641,PP,60676
2456688.302083333,9.14112,PP,60849
2456689.28125,6.20725,PP,60943
2456689.4479166665,9.26686,PP,60959
2456689.604166667,6.96167,PP,60974
2456689.84375,6.37489,PP,60997
2456689.979166667,45.35354,PP,61010
2456690.0416666665,21.21193,PP,61016
2456690.21875,47.65873,PP,61033
2456690.2916666665,24.06197,PP,61040
2456690.375,81.063,PP,61048
2456690.552083333,8.47052,PP,61065
2456690.5833333335,109.85685,PP,61068
2456691.1354166665,12.53154,PP,61121
2456691.229166667,70.7272,PP,61130
2456691.2708333335,59.21571,PP,61134
2456691.302083333,48.94768,PP,61137
2456691.34375,38.93277,PP,61141
2456691.3854166665,15.9304,PP,61145
2456691.5,215.81166,PP,61156
2456691.53125,212.33293,PP,61159
2456691.5729166665,124.65196,PP,61163
2456691.59375,148.79357,PP,61165
2456691.802083333,7.12932,PP,61185
2456692.2708333335,10.94335,PP,61230
2456696.3125,5.53664,PP,61618
2456697.3958333335,6.20725,PP,61722
2456698.28125,6.62637,PP,61807
2456698.375,5.15943,PP,61816
2456699.46875,4.99178,PP,61921
2456699.5833333335,9.60216,PP,61932
2456709.875,11.85723,NPP,62920
2456710.1979166665,176.64331,NPP,62951
2456710.427083333,15.0415,PP,62973
2456715.2916666665,5.24325,PP,63440
2456721.40625,14.71549,PP,64027
2456721.84375,21.00237,PP,64069
2456727.927083333,20.58177,PP,64653
2456732.052083333,6.78753,NPP,65049
2456732.875,5.99768,PP,65128
2456741.6145833335,6.54254,PP,65967
2456743.6979166665,37.64162,PP,66167
2456744.552083333,7.92477,PP,66249
2456745.5729166665,14.87391,NPP,66347
2456745.6875,9.00814,PP,66358
2456746.0,13.95213,PP,66388
2456746.1458333335,11.39536,NPP,66402
2456746.2916666665,10.22266,PP,66416
2456746.6666666665,10.51622,PP,66452
2456746.7083333335,13.28176,PP,66456
2456746.8854166665,57.86155,NPP,66473
2456747.0208333335,35.11077,NPP,66486
2456747.104166667,35.82302,NPP,66494
2456747.6875,8.67471,PP,66550
2456749.1458333335,11.34641,NPP,66690
2456752.3645833335,15.04143,NPP,66999
2456755.125,8.28887,NPP,67264
2456755.7708333335,39.80339,NPP,67326
2456756.1145833335,16.67236,PP,67359
2456756.2083333335,46.66894,NPP,67368
2456756.2604166665,24.50295,NPP,67373
2456756.302083333,30.2018,NPP,67377
2456756.3229166665,19.73361,NPP,67379
2456758.1666666665,21.31483,NPP,67556
2456758.1875,40.41399,NPP,67558
2456758.2395833335,14.52961,NPP,67563
2456758.927083333,20.94113,NPP,67629
2456771.0833333335,2057.69713,PP,68796
2456771.1145833335,3039.13551,PP,68799
2456771.15625,8.08635,PP,68803
2456777.03125,284.89163,PP,69367
2456778.40625,27.48528,NPP,69499
2456778.7916666665,10.26509,NPP,69536
2456779.2395833335,6.69727,NPP,69579
2456781.53125,12.89613,PP,69799
2456782.28125,6.07056,NPP,69871
2456784.03125,17.71434,PP,70039
2456784.0625,36.85384,PP,70042
2456785.28125,8.95902,PP,70159
2456787.75,13.69193,NPP,70396
2456794.5729166665,54.78879,PP,71051
2456794.59375,54.99205,PP,71053
2456794.6666666665,49.46596,NPP,71060
2456800.4479166665,8.33077,PP,71615
2456801.0833333335,5.4426,NPP,71676
2456801.96875,146.25699,NPP,71761
2456805.177083333,8.83346,NPP,72069
2456805.4583333335,30.19442,NPP,72096
2456808.03125,23.36814,PP,72343
2456808.0625,11.93284,PP,72346
2456812.177083333,104.82844,PP,72741
2456818.7916666665,6.78544,PP,73376
2456818.8645833335,8.25142,PP,73383
2456818.927083333,19.39433,PP,73389
2456818.9479166665,35.73175,PP,73391
2456818.9895833335,14.91147,PP,73395
2456819.03125,19.10347,PP,73399
2456819.052083333,13.07125,PP,73401
2456819.0833333335,18.01509,PP,73404
2456819.104166667,26.35304,PP,73406
2456819.2083333335,11.01821,PP,73416
2456819.229166667,9.673,PP,73418
2456819.2604166665,29.90632,PP,73421
2456820.4375,23.12222,NPP,73534
2456820.5208333335,16.87811,NPP,73542
2456820.5729166665,18.67943,NPP,73547
2456820.6145833335,14.40562,NPP,73551
2456821.0416666665,7.58017,PP,73592
2456821.0729166665,12.31278,PP,73595
2456821.104166667,11.47617,PP,73598
2456821.125,11.26586,PP,73600
2456821.177083333,23.41541,NPP,73605
2456821.25,39.87337,NPP,73612
2456822.09375,62.44933,NPP,73693
2456826.4583333335,12.98411,NPP,74112
2456826.5104166665,21.07361,NPP,74117
2456826.7083333335,20.23149,NPP,74136
2456826.8333333335,10.09339,PP,74148
2456826.8645833335,10.38793,PP,74151
2456826.90625,6.45009,PP,74155
2456826.927083333,8.50167,PP,74157
2456833.1145833335,46.53578,PP,74751
2456834.0416666665,52.14307,NPP,74840
2456842.302083333,445.3371,NPP,75633
2456848.1145833335,177.18795,PP,76191
2456852.4375,93.84769,NPP,76606
2456853.2916666665,24.75961,NPP,76688
2456854.6979166665,27.06461,NPP,76823
2456860.96875,212.43219,PP,77425
2456861.0208333335,205.67398,PP,77430
2456861.0729166665,15.41857,PP,77435
2456862.1145833335,234.15896,NPP,77535
2456862.1354166665,146.81165,NPP,77537
2456865.9166666665,13.36418,NPP,77900
2456866.2604166665,119.85541,NPP,77933
2456866.34375,39.67325,NPP,77941
2456866.9895833335,160.65911,NPP,78003
2456868.0416666665,151.28041,PP,78104
2456868.104166667,65.35733,PP,78110
2456875.09375,88.64852,PP,78781
2456883.125,58.61112,NPP,79552
2456883.3645833335,9.29954,NPP,79575
2456885.427083333,64.93499,PP,79773
2456885.5208333335,20.73607,PP,79782
2456887.604166667,9.3398,NPP,79982
2456892.1875,6.4893,NPP,80422
2456903.4375,28.57442,NPP,81502
2456911.9895833335,10.04896,NPP,82323
2456917.177083333,17.88236,PP,82821
2456920.09375,16.17274,PP,83101
2456922.4895833335,12.05899,NPP,83331
2456922.75,31.28613,NPP,83356
2456935.302083333,21.73636,NPP,84561
2456938.7604166665,22.74013,NPP,84893
2456945.0729166665,52.97922,PP,85499
2456945.104166667,114.5908,PP,85502
2456947.1666666665,10.25882,NPP,85700
2456952.0625,213.89073,PP,86170
2456954.0416666665,11.60571,NPP,86360
2456958.0625,69.88634,PP,86746
2456985.8229166665,32.97398,NPP,89411
2456985.8645833335,43.36476,NPP,89415
2456985.927083333,58.74121,PPP,89421
2456986.3333333335,6.3622,PP,89460
2457002.15625,6.70432,NPP,90979
2457009.0104166665,9.34591,NPP,91637
2457009.6145833335,17.97439,PP,91695
2457009.6458333335,38.67272,PP,91698
2457009.6875,9.47042,PP,91702
2457009.7395833335,7.75238,PP,91707
2457016.2604166665,13.86835,NPP,92333
2457037.71875,8.51329,PP,94393
2457037.7604166665,16.14511,PP,94397
2457037.7916666665,14.7613,PP,94400
2457037.84375,22.60009,PP,94405
2457037.8854166665,11.49125,PP,94409
2457037.9479166665,20.97007,PP,94415
2457038.0625,8.17713,PP,94426
2457038.1354166665,12.66178,PP,94433
2457038.15625,11.94926,PP,94435
2457038.1875,16.35007,PP,94438
2457038.229166667,10.27276,PP,94442
2457038.28125,27.37307,PP,94447
2457038.3125,23.09799,PP,94450
2457038.354166667,14.88313,PP,94454
2457038.40625,12.82943,PP,94459
2457041.4479166665,25.78038,NPP,94751
2457075.5416666665,29.30104,PP,98024
2457107.6979166665,48.51823,PP,101111
2457107.927083333,20.4882,PP,101133
2457108.2395833335,10.34775,NPP,101163
2457116.1354166665,12.85424,NPP,101921
2457122.3125,17.01072,PP,102514
2457125.1458333335,28.5189,NPP,102786
2457126.0729166665,37.56587,NPP,102875
2457126.1145833335,39.53442,NPP,102879
2457127.125,36.93761,NPP,102976
2457127.15625,62.27753,NPP,102979
2457127.177083333,77.39764,NPP,102981
2457127.25,20.56092,NPP,102988
2457127.2708333335,18.67613,NPP,102990
2457128.1458333335,19.76583,NPP,103074
2457128.7395833335,17.63918,PP,103131
2457129.1145833335,28.64455,NPP,103167
2457129.2083333335,26.25716,NPP,103176
2457133.802083333,21.07447,NPP,103617
2457133.90625,15.96326,NPP,103627
2457134.0833333335,9.80049,NPP,103644
2457134.302083333,455.1837,PP,103665
2457134.9479166665,17.76489,NPP,103727
2457135.1666666665,90.01596,PPP,103748
2457135.354166667,61.20789,NPP,103766
2457135.40625,67.8645,NPP,103771
2457135.4895833335,37.32282,NPP,103779
2457141.0416666665,53.73423,NPP,104312
2457148.09375,11.80842,PP,104989
2457154.1875,17.42556,NPP,105574
2457155.104166667,15.33089,NPP,105662
2457159.34375,11.05362,NPP,106069
2457161.6145833335,8.45829,NPP,106287
2457163.03125,37.03811,PP,106423
2457163.1354166665,33.09966,PP,106433
2457169.927083333,67.82896,PP,107085
2457169.9479166665,28.40273,PP,107087
2457169.96875,699.74595,PP,107089
2457170.0104166665,439.55429,PP,107093
2457170.052083333,23.50495,PP,107097
2457173.427083333,349.55755,NPP,107421
2457174.7395833335,11.56393,NPP,107547
2457175.1979166665,6.82939,PP,107591
2457176.1979166665,92.5429,PP,107687
2457179.3645833335,54.23673,NPP,107991
2457183.3125,5.60866,NPP,108201
2457186.302083333,9.58769,NPP,108488
2457186.479166667,30.11052,NPP,108505
2457217.8854166665,17.05046,PP,109869
2457218.0104166665,5.36234,PP,109881
2457218.15625,6.11578,NPP,109895
2457218.6354166665,82.95297,NPP,109941
2457218.979166667,147.84742,PP,109974
2457222.2395833335,51.81695,NPP,110287
2457222.3125,39.83647,NPP,110294
2457222.8645833335,48.37685,NPP,110347
2457223.229166667,441.02544,NPP,110382
2457223.3229166665,381.16917,NPP,110391
2457223.4479166665,47.04986,NPP,110403
2457223.625,12.06349,PP,110420
2457224.1145833335,12.31785,PP,110467
2457225.125,15.03679,NPP,110564
2457228.0,7.7077,NPP,110840
2457228.0416666665,23.37107,NPP,110844
2457231.5625,12.52483,NPP,111182
2457232.1666666665,7.12243,PP,111240
2457232.8958333335,5.82319,PP,111310
2457233.0104166665,207.48009,PP,111321
2457259.979166667,6.714,NPP,112663
2457279.3958333335,9.2391,NPP,114527
2457285.5208333335,11.98503,NPP,115115
2457293.03125,7.24526,PP,115836
2457310.0416666665,18.39689,NPP,117469
2457317.052083333,261.4661,PP,118110
2457324.177083333,6.3873,NPP,118794
2457324.34375,9.89065,NPP,118810
2457324.5208333335,25.88396,NPP,118827
2457324.5416666665,55.07397,NPP,118829
2457329.1458333335,362.5612,PP,119271
2457330.7708333335,27.86804,PP,119427
2457330.9583333335,11.85375,PP,119445
2457339.4375,11.22961,NPP,120259
2457345.1354166665,17.5439,PP,120806
2457346.53125,32.60176,NPP,120940
2457358.8125,19.43293,NPP,122119
2457359.375,21.72604,NPP,122173
2457361.104166667,104.3969,PP,122339
2457364.28125,14.53313,PP,122644
2457365.0625,14.53813,PP,122719
2457365.09375,6.57054,PP,122722
2457371.6979166665,13.59039,NPP,123356
2457371.7604166665,16.68064,NPP,123362
2457371.9895833335,6.82936,PP,123384
2457374.4479166665,9.65512,NPP,123620
2457379.0208333335,93.11534,NPP,124059
2457379.052083333,79.30112,NPP,124062
2457379.1875,13.77127,NPP,124075
2457380.625,12.87218,NPP,124213
2457398.1145833335,62.4262,NPP,125892
2457398.1666666665,108.9034,NPP,125897
2457398.302083333,133.3617,NPP,125910
2457422.03125,20.1101,NPP,128188
2457434.7916666665,6.39246,PP,129413
2457435.1458333335,15.66892,NPP,129447
2457435.25,29.94774,NPP,129457
2457443.229166667,30.56193,NPP,130223
2457443.4166666665,35.18636,NPP,130241
2457443.5,35.96542,NPP,130249
2457443.552083333,54.02343,NPP,130254
2457444.0625,37.49024,NPP,130303
2457444.1145833335,39.48157,NPP,130308
2457457.052083333,13.53808,NPP,131550
2457458.21875,130.6161,NPP,131662
2457460.03125,47.60899,NPP,131836
2457464.0,8.81998,NPP,132217
2457464.5,16.04499,NPP,132265
2457470.0625,20.31191,PP,132799
2457475.0416666665,7.36084,NPP,133277
2457476.03125,9.09078,NPP,133372
2457476.3229166665,7.13958,NPP,133400
2457480.0208333335,142.6394,NPP,133755
2457486.1145833335,9.13628,NPP,134340
2457486.3125,100.6895,NPP,134359
2457490.8229166665,9.84594,NPP,134792
2457492.03125,24.13397,PP,134908
2457497.5833333335,9.4124,NPP,135441
2457511.1458333335,17.18776,NPP,136743
2457512.0625,39.90949,PP,136831
2457516.90625,18.16449,NPP,137296
2457516.9583333335,13.09239,NPP,137301
2457519.104166667,26.61757,PP,137507
2457522.15625,8.15339,NPP,137800
2457523.479166667,10.90952,NPP,137927
2457526.0729166665,21.99265,PP,138176
2457533.229166667,21.62645,PP,138863
2457533.9583333335,10.15102,PP,138933
2457533.979166667,10.77666,PP,138935
2457539.1666666665,18.34542,NPP,139433
2457542.6354166665,5.41433,PP,139766
2457545.0208333335,42.43583,NPP,139995
2457545.15625,64.90145,NPP,140008
2457545.2708333335,364.0663,NPP,140019
2457552.7395833335,10.33672,NPP,140736
2457553.302083333,14.30387,NPP,140790
2457554.15625,87.993,PP,140872
2457560.5,6.03325,PP,141481
2457561.96875,42.06901,NPP,141622
2457566.8854166665,12.56823,PP,142094
2457568.2916666665,166.7468,NPP,142229
2457568.3125,160.9951,NPP,142231
2457568.3333333335,199.6106,NPP,142233
2457568.3645833335,476.1469,NPP,142236
2457569.09375,106.9163,PP,142306
2457571.2916666665,29.08368,NPP,142517
2457577.104166667,10.5592,NPP,143075
2457577.1354166665,43.69006,NPP,143078
2457579.0625,28.48615,NPP,143263
2457582.1354166665,12.07234,PP,143558
2457584.1354166665,24.81264,NPP,143750
2457584.1666666665,144.489,NPP,143753
2457588.0833333335,64.00237,NPP,144129
2457588.3229166665,14.2612,NPP,144152
2457592.3645833335,31.791,NPP,144540
2457592.4166666665,180.7807,NPP,144545
2457593.0208333335,16.95207,NPP,144603
2457593.09375,138.9777,NPP,144610
2457593.125,169.5531,NPP,144613
2457602.0,65.89818,NPP,145465
2457602.104166667,35.17705,NPP,145475
2457608.1666666665,6.78549,PP,146057
2457609.1145833335,61.94426,PP,146148
2457609.1666666665,43.82236,PP,146153
2457613.1979166665,15.39533,NPP,146540
2457614.2916666665,15.96321,NPP,146645
2457615.0833333335,6.82909,PP,146721
2457617.177083333,8.91289,NPP,146922
2457617.4895833335,599.1696,NPP,146952
2457617.5729166665,52.54902,NPP,146960
2457622.3645833335,8.51782,NPP,147420
2457622.46875,55.59709,NPP,147430
2457622.53125,48.18818,NPP,147436
2457623.1145833335,57.86349,PP,147492
2457627.09375,8.74038,PP,147874
2457629.2604166665,8.42481,NPP,148082
2457631.625,10.60235,NPP,148309
2457631.677083333,45.36666,NPP,148314
2457631.6979166665,32.19091,NPP,148316
2457632.46875,28.31652,NPP,148390
2457639.03125,175.996,PP,149020
2457640.2708333335,6.12146,NPP,149139
2457642.7604166665,81.6766,NPP,149378
2457642.7916666665,93.65784,NPP,149381
2457645.96875,18.38734,NPP,149686
2457649.5,5.67829,NPP,150025
2457650.9166666665,9.49034,PP,150161
2457654.6145833335,12.2068,NPP,150516
2457654.927083333,15.87388,NPP,150546
2457665.0729166665,13.05233,NPP,151520
2457678.8854166665,6.72229,PP,152846
2457680.052083333,284.3503,PP,152958
2457680.0729166665,38.67537,PP,152960
2457683.2083333335,25.0844,NPP,153261
2457683.25,114.8021,NPP,153265
2457684.21875,6.34291,NPP,153358
2457690.90625,9.36029,NPP,154000
2457696.0,16.90484,NPP,154489
2457710.9895833335,52.27824,PP,155928
2457711.0104166665,6.29922,PP,155930
2457722.125,10.56499,NPP,156997
2457722.25,21.05895,NPP,157009
2457723.3229166665,38.13668,NPP,157112
2457723.6666666665,61.70729,PPP,157145
2457723.7395833335,19.10881,NPP,157152
2457740.802083333,22.32353,NPP,158790
2457741.0208333335,16.65117,NPP,158811
2457766.4583333335,25.66842,NPP,161253
2457777.3333333335,44.68922,PP,162297
2457779.53125,10.9245,PP,162508
2457804.1458333335,8.77849,NPP,164871
2457804.40625,8.26991,PP,164896
2457807.1666666665,7.22773,NPP,165161
2457808.125,14.70159,NPP,165253
2457809.177083333,12.69595,NPP,165354
2457810.1354166665,28.34343,NPP,165446
2457810.40625,138.6194,NPP,165472
2457810.4375,97.08253,NPP,165475
2457812.3125,22.3135,PP,165655
2457814.3229166665,23.76144,NPP,165848
2457814.5625,23.22314,NPP,165871
2457820.729166667,8.73569,NPP,166463
2457842.125,172.5735,PP,168517
2457849.125,24.86277,PP,169189
2457850.177083333,27.40232,NPP,169290
2457850.40625,13.41336,NPP,169312
2457854.0729166665,33.70019,NPP,169664
2457855.0416666665,123.7473,NPP,169757
2457855.0729166665,130.8152,NPP,169760
2457855.15625,48.5301,NPP,169768
2457855.2395833335,666.2674,PP,169776
2457855.2604166665,91.1991,PP,169778
2457855.302083333,48.23838,PP,169782
2457855.3229166665,3616.767,PP,169784
2457855.3854166665,482.2135,PP,169790
2457855.4375,44.51501,PP,169795
2457855.4583333335,2104.754,PP,169797
2457855.4895833335,416.1544,PP,169800
2457855.5208333335,31.33619,PP,169803
2457855.552083333,507.5167,PP,169806
2457855.5833333335,3920.664,PP,169809
2457855.604166667,4718.505,PP,169811
2457855.7395833335,103.2901,PP,169824
2457855.7708333335,465.481,PP,169827
2457856.552083333,16.00875,PP,169902
2457856.5729166665,24.21701,PP,169904
2457858.177083333,8.81874,NPP,170058
2457859.1145833335,17.84775,NPP,170148
2457859.3958333335,68.66377,PPP,170175
2457859.59375,22.06131,NPP,170194
2457859.979166667,54.80268,NPP,170231
2457860.09375,213.4094,PPP,170242
2457860.1979166665,38.67226,NPP,170252
2457860.2708333335,99.41243,NPP,170259
2457860.34375,51.65245,NPP,170266
2457860.979166667,20.5052,NPP,170327
2457861.1354166665,13.50132,PP,170342
2457861.5833333335,23.21353,PP,170385
2457862.1354166665,123.135,PP,170438
2457862.15625,107.4761,PP,170440
2457862.1979166665,23.34443,PP,170444
2457863.229166667,10.20466,NPP,170543
2457867.7916666665,19.4274,PP,170981
2457868.0416666665,54.45354,PP,171005
2457868.0625,194.1801,PP,171007
2457874.6979166665,6.03314,NPP,171644
2457875.4479166665,19.55914,NPP,171716
2457881.34375,13.98842,NPP,172282
2457896.1354166665,10.29132,NPP,173702
2457899.875,15.78503,NPP,174061
2457904.3333333335,5.54643,NPP,174489
2457904.9479166665,30.83073,PP,174548
2457905.1458333335,30.32096,NPP,174567
2457909.1979166665,12.47312,NPP,174956
2457910.34375,9.04625,NPP,175066
2457918.0729166665,78.73473,PP,175808
2457920.71875,39.88311,NPP,176062
2457920.9583333335,27.26554,NPP,176085
2457923.5,5.41387,PP,176329
2457924.15625,69.92925,NPP,176392
2457924.2083333335,336.3373,NPP,176397
2457924.78125,46.87342,NPP,176452
2457925.0,23.54947,NPP,176473
2457927.65625,23.26388,NPP,176728
2457928.65625,39.93374,NPP,176824
2457928.854166667,63.18653,NPP,176843
2457930.229166667,44.81754,NPP,176975
2457930.7916666665,9.97979,PP,177029
2457932.3125,11.85033,NPP,177175
2457933.0729166665,1352.643,PP,177248
2457933.104166667,30.95951,PP,177251
2457933.375,7.53689,NPP,177277
2457934.40625,106.4388,NPP,177376
2457936.125,23.72053,NPP,177541
2457942.177083333,6.69778,NPP,178122
2457942.8645833335,48.78027,NPP,178188
2457946.3958333335,11.98446,NPP,178527
2457947.0625,83.96825,PP,178591
2457947.15625,6.60792,PP,178600
2457947.6875,33.1101,NPP,178651
2457949.125,9.17964,NPP,178789
2457952.125,73.4445,NPP,179077
2457958.9895833335,11.76141,NPP,179736
2457959.1458333335,9.13526,NPP,179751
2457959.5416666665,26.80449,NPP,179789
2457960.927083333,37.32203,PP,179922
2457960.9583333335,16.4592,PP,179925
2457961.0104166665,32.62217,PP,179930
2457963.8333333335,19.55993,PP,180201
2457968.125,7530.751,PP,180590
2457969.0416666665,342.9507,NPP,180678
2457969.0625,212.6684,NPP,180680
2457969.8958333335,9371.975,PP,180760
2457970.96875,16.01267,NPP,180863
2457971.0729166665,637.3318,NPP,180873
2457971.15625,40.58386,NPP,180881
2457971.2916666665,107.2228,NPP,180894
2457971.5208333335,10.02411,PP,180916
2457975.0416666665,1984.355,PP,181254
2457975.0625,284.0958,PP,181256
2457975.09375,484.0929,PP,181259
2457975.125,49.40508,PP,181262
2457975.177083333,12.11903,PP,181267
2457977.6145833335,35.59136,NPP,181501
2457977.6354166665,36.9502,NPP,181503
2457978.3125,6.82959,NPP,181568
2457978.802083333,16.18723,NPP,181615
2457981.3229166665,547.8909,NPP,181857
2457982.1354166665,9.02882,PP,181935
2457983.84375,33.7076,NPP,182099
2457983.90625,54.08522,NPP,182105
2457987.8958333335,4573.781,PP,182488
2457988.2604166665,32.98209,NPP,182523
2457988.3125,25.5344,NPP,182528
2458000.2083333335,43.22448,NPP,183670
2458000.3229166665,38.45152,NPP,183681
2458000.479166667,56.44458,NPP,183696
2458001.0416666665,97.63966,PP,183750
2458001.0625,16.68396,PP,183752
2458001.979166667,128.0494,NPP,183840
2458002.21875,129.3888,NPP,183863
2458002.25,179.0043,NPP,183866
2458004.96875,8.29157,NPP,184127
2458024.0104166665,118.5775,PP,185955
2458031.4479166665,11.58245,NPP,186669
2458034.0833333335,11.271,PP,186922
2458036.9583333335,17.91961,PP,187198
2458051.2916666665,964.8466,NPP,188031
2458051.3125,312.4093,NPP,188033
2458051.34375,338.1848,NPP,188036
2458051.3958333335,70.7646,NPP,188041
2458051.4375,93.51668,NPP,188045
2458051.5,26.57973,NPP,188051
2458051.5625,23.64086,PP,188057
2458053.2916666665,122.8198,NPP,188223
2458053.3333333335,407.7625,NPP,188227
2458053.4375,2375.708,PP,188237
2458056.552083333,15.96265,NPP,188536
2458056.6354166665,496.1483,NPP,188544
2458056.65625,86.06323,NPP,188546
2458056.7916666665,10420.16,PP,188559
2458057.302083333,12.83092,PP,188608
2458057.677083333,14.48453,PP,188644
2458058.0208333335,582.8131,PP,188677
2458058.0625,113.0844,PP,188681
2458059.1458333335,77.90674,PP,188785
2458062.09375,8.55818,PP,189068
2458063.4895833335,8.78031,NPP,189202
2458076.7395833335,14.09153,NPP,190474
2458076.9479166665,9.80378,NPP,190494
2458078.0,8.5653,PP,190595
2458082.7083333335,9.54253,PP,191047
2458084.9479166665,345.3415,PP,191262
2458092.6666666665,69.98711,PP,192003
2458093.1666666665,94.16792,PP,192051
2458093.4375,28.40051,NPP,192077
2458093.604166667,32.79461,NPP,192093
2458100.40625,7.94328,PP,192746
2458102.9583333335,12.56717,PP,192991
2458111.229166667,39.07072,NPP,193785
2458129.6458333335,13.55493,PP,195553
2458130.71875,42.29643,NPP,195656
2458130.8958333335,152.0161,NPP,195673
2458130.9583333335,82.2784,NPP,195679
2458177.1666666665,46.71579,PP,200115
2458182.1145833335,225.598,PP,200590
2458185.7395833335,12.44043,PP,200938
2458195.0833333335,14.76462,PP,201835
2458199.46875,23.32567,PP,202256
2458199.4895833335,49.94474,PP,202258
2458200.03125,14.9406,PP,202310
2458200.0625,13.17778,PP,202313
2458200.2083333335,12.86419,PP,202327
2458200.2604166665,14.34493,PP,202332
2458200.302083333,16.57819,PP,202336
2458200.479166667,11.59415,PP,202353
2458200.552083333,9.38498,PP,202360
2458200.604166667,10.47783,PP,202365
2458200.7083333335,8.3781,PP,202375
2458200.9166666665,10.37622,PP,202395
2458200.96875,19.25678,PP,202400
2458201.0416666665,27.30228,PP,202407
2458201.0833333335,13.0072,PP,202411
2458201.479166667,7.92967,PP,202449
2458201.6666666665,10.77267,PP,202467
2458206.90625,105.8285,PP,202970
2458206.927083333,53.34066,PP,202972
2458207.0833333335,45.21389,PP,202987
2458207.4583333335,14.74222,NPP,203023
2458207.8333333335,9.05439,NPP,203059
2458209.177083333,-0.6128,PP,203188
2458213.0,8.11604,NPP,203555
2458213.8333333335,-0.32167,PP,203635
2458220.0,0.61688,PP,204227
2458221.3333333335,30.52941,NPP,204355
2458222.375,61.31827,NPP,204455
2458222.4166666665,52.88107,NPP,204459
2458223.2708333335,3.67007,PP,204541
2458225.3229166665,67.01889,NPP,204738
2458227.3854166665,124.5404,PP,204936
2458227.9583333335,11.26233,PP,204991
2458228.0,64.60036,PP,204995
2458232.104166667,10.16059,NPP,205389
2458233.09375,61.04462,NPP,205484
2458234.1458333335,61.43756,NPP,205585
2458234.46875,48.23125,PP,205616
2458234.5208333335,21.10389,PP,205621
2458234.552083333,30.24223,PP,205624
2458234.71875,22.72636,PP,205640
2458234.9166666665,25.16355,NPP,205659
2458235.03125,37.80795,NPP,205670
2458235.0625,33.38824,NPP,205673
2458237.1458333335,9.53262,NPP,205873
2458237.3854166665,17.76918,NPP,205896
2458237.5208333335,11.90729,NPP,205909
2458237.5729166665,13.71768,NPP,205914
2458238.0625,64.7975,NPP,205961
2458238.46875,3.65349,PP,206000
2458238.84375,4.88734,PP,206036
2458239.03125,5.80642,NPP,206054
2458239.15625,5.74148,NPP,206066
2458240.2083333335,13.45393,PP,206167
2458241.0625,2.23631,NPP,206249
2458243.3229166665,579.7343,NPP,206466
2458243.354166667,535.9315,NPP,206469
2458243.4166666665,101.9478,NPP,206475
2458243.4583333335,66.77184,PP,206479
2458243.5,130.6277,PP,206483
2458243.5416666665,6338.961,PP,206487
2458244.1666666665,13.27369,PP,206547
2458247.1458333335,9.09886,PP,206833
2458253.875,0.70335,NPP,207479
2458258.6666666665,-0.5678,NPP,207939
2458261.1666666665,30.36437,PP,208179
2458283.927083333,-1.04703,NPP,210364
2458288.052083333,27.09536,NPP,210760
2458288.104166667,39.33315,NPP,210765
2458288.3854166665,1.97565,NPP,210792
2458297.6875,26.71534,NPP,211685
2458297.9479166665,34.32175,NPP,211710
2458300.53125,169.2103,NPP,211958
2458300.552083333,130.6896,NPP,211960
2458300.59375,32.89697,NPP,211964
2458300.6666666665,93.40703,NPP,211971
2458300.6875,87.13657,NPP,211973
2458305.6354166665,60.48743,NPP,212448
2458322.65625,1.14297,NPP,214082
2458323.1145833335,4.00295,NPP,214126
2458325.1145833335,9.22546,NPP,214318
2458326.0208333335,252.2124,NPP,214405
2458326.0833333335,64.00017,NPP,214411
2458327.5416666665,58.6543,NPP,214551
2458328.21875,185.088,NPP,214616
2458334.53125,5.07109,NPP,215222
2458346.3229166665,117.9888,NPP,216354
2458348.3645833335,-0.7006,NPP,216550
2458348.729166667,3.56137,NPP,216585
2458358.7395833335,70.62994,NPP,217546
2458360.21875,50.71824,NPP,217688
2458365.2708333335,185.7046,NPP,218173
2458365.2916666665,153.9137,NPP,218175
2458367.84375,111.4462,NPP,218420
2458372.677083333,20.19464,NPP,218884
2458382.875,34.62701,NPP,219863
2458382.9583333335,12.34346,NPP,219871
2458387.09375,12.18095,NPP,220268
2458387.9166666665,5.90961,PP,220347
2458388.229166667,113.6202,NPP,220377
2458394.302083333,1.18542,NPP,220960
2458425.4375,4.69363,PP,223949
2458425.6458333335,19.38247,NPP,223969
2458426.0625,5.10945,NPP,224009
2458455.1145833335,4.80225,NPP,226798
2458456.427083333,19.12382,PP,226924
2458468.40625,9.18784,PP,228074
2458471.7916666665,137.6497,PP,228399
2458471.8125,82.5728,PP,228401
2458473.8333333335,7.81401,NPP,228595
2458473.8958333335,22.42898,NPP,228601
2458474.104166667,78.45296,NPP,228621
2458474.3333333335,10.73018,PP,228643
2458474.5416666665,24.21935,NPP,228663
2458474.7916666665,46.7758,NPP,228687
2458481.302083333,0.31132,NPP,229312
