timestamp,value
2459096.96875,0.257
2459096.979166667,0.257
2459096.9895833335,0.257
2459097.0,0.257
2459097.0104166665,0.257
2459097.03125,0.2733636355584
2459097.0416666665,0.2714545446769
2459097.052083333,0.2695454537956
2459097.0729166665,0.25708333336
2459097.0833333335,0.257
2459097.09375,0.2573214284759
2459097.1145833335,0.2748863636361
2459097.125,0.272193181818
2459097.1354166665,0.2695
2459097.1458333335,0.2678579881537
2459097.1666666665,0.3265555555555
2459097.177083333,0.326
2459097.1875,0.32
2459097.1979166665,0.32
2459097.21875,0.4017142858124
2459097.229166667,0.3995454546088
2459097.2395833335,0.3973636361732
2459097.2604166665,0.4321205432628
2459097.2708333335,0.428220967742
2459097.28125,0.4242439068179
2459097.2916666665,0.4242807347749
2459097.3125,0.5145573770533
2459097.3229166665,0.5149508196866
2459097.3333333335,0.5153442623199
2459097.34375,0.5157377049531
2459097.3645833335,0.11269444448
2459097.375,0.1126111111467
2459097.3854166665,0.1125277778133
2459097.3958333335,0.11244444448
2459097.40625,0.1123611111467
2459097.4166666665,0.1122777778133
2459097.4375,0.257
2459097.4479166665,0.257
2459097.4583333335,0.257
2459097.46875,0.257
2459097.479166667,0.257
2459097.5,0.2573216374232
2459097.5104166665,0.2573040935635
2459097.5208333335,0.2572865497039
2459097.53125,0.2572690058442
2459097.5416666665,0.2572514619846
2459097.5625,0.6612000006523
2459097.5729166665,0.651
2459097.5833333335,0.638
2459097.59375,0.63
2459097.6145833335,0.287
2459097.625,0.287
2459097.6354166665,0.287
2459097.6458333335,0.287
2459097.6666666665,0.2517283749167
2459097.677083333,0.251766813
2459097.6875,0.2518052510833
2459097.7083333335,0.2789245284
2459097.71875,0.287
2459097.729166667,0.2878181818183
2459097.75,0.212
2459097.7604166665,0.212
2459097.7708333335,0.212
2459097.7916666665,0.6948333322134
2459097.802083333,0.696
2459097.8125,0.696
2459097.8333333335,0.155
2459097.84375,0.155
2459097.854166667,0.155
2459097.875,0.2842727272738
2459097.8854166665,0.284
2459097.8958333335,0.2839583333333
2459097.9166666665,0.2572339181249
2459097.927083333,0.2572163742653
2459097.9375,0.2571988304056
2459097.9479166665,0.257181286546
2459097.96875,0.4512222222933
2459097.979166667,0.45088888896
2459097.9895833335,0.4505555556267
2459098.0,0.4502222222933
2459098.0208333335,0.293911764681
2459098.03125,0.2936470588086
2459098.0416666665,0.2933823529362
2459098.0625,0.22983333328
2459098.0729166665,0.2296666666133
2459098.0833333335,0.2294999999467
2459098.104166667,0.2523577976476
2459098.1145833335,0.2506788985552
2459098.125,0.249
2459098.1458333335,0.251
2459098.15625,0.251
2459098.1666666665,0.251
2459098.1875,0.2896527777733
2459098.1979166665,0.28969444444
2459098.2083333335,0.2897361111067
2459098.229166667,0.3100769230301
2459098.2395833335,0.3099053287811
2459098.25,0.3097633219983
2459098.2604166665,0.3096213152154
2459098.28125,0.346
2459098.2916666665,0.346
2459098.302083333,0.335
2459098.3125,0.335
2459098.3229166665,0.335
2459098.3333333335,0.335
2459098.34375,0.335
2459098.354166667,0.335
2459098.3645833335,0.335
2459098.375,0.335
2459098.3854166665,0.335
2459098.3958333335,0.335
2459098.40625,0.335
2459098.4166666665,0.335
2459098.427083333,0.335
2459098.4375,0.335
2459098.4479166665,0.335
2459098.4583333335,0.335
2459098.46875,0.335
2459098.479166667,0.335
2459098.4895833335,0.335
2459098.5,0.335
2459098.5104166665,0.335
2459098.5208333335,0.335
2459098.53125,0.335
2459098.5416666665,0.335
2459098.552083333,0.3350555555733
2459098.5625,0.3351388889067
2459098.5729166665,0.33522222224
2459098.5833333335,0.3353055555733
2459098.59375,0.3353888889067
2459098.604166667,0.33547222224
2459098.6145833335,0.3355555555733
2459098.625,0.3356388889067
2459098.6354166665,0.33572222224
2459098.6458333335,0.3358055555733
2459098.65625,0.3358888889067
2459098.6666666665,0.33597222224
2459098.677083333,0.3360555555733
2459098.6875,0.3361388889067
2459098.6979166665,0.33622222224
2459098.7083333335,0.3363055555733
2459098.71875,0.3363888889067
2459098.729166667,0.33647222224
2459098.7395833335,0.3365555555733
2459098.75,0.3366388889067
2459098.7604166665,0.33672222224
2459098.7708333335,0.3368055555733
2459098.78125,0.3368888889067
2459098.7916666665,0.33697222224
2459098.802083333,0.3369444444267
2459098.8125,0.3368611110933
2459098.8229166665,0.33677777776
2459098.8333333335,0.3366944444267
2459098.84375,0.3366111110933
2459098.854166667,0.33652777776
2459098.8645833335,0.3364444444267
2459098.875,0.3363611110933
2459098.8854166665,0.33627777776
2459098.8958333335,0.3361944444267
2459098.90625,0.3361111110933
2459098.9166666665,0.33602777776
2459098.927083333,0.3359444444267
2459098.9375,0.3358611110933
2459098.9479166665,0.33577777776
2459098.9583333335,0.3356944444267
2459098.96875,0.3356111110933
2459098.979166667,0.33552777776
2459098.9895833335,0.3354444444267
2459099.0,0.3353611110933
2459099.0104166665,0.33527777776
2459099.0208333335,0.3351944444267
2459099.03125,0.3351111110933
2459099.0416666665,0.33502777776
2459099.052083333,0.3350909091187
2459099.0625,0.3352272727531
2459099.0729166665,0.3353636363874
2459099.0833333335,0.3355000000218
2459099.09375,0.3356363636562
2459099.104166667,0.3357727272906
2459099.1145833335,0.335909090925
2459099.125,0.3356923076014
2459099.1354166665,0.3347692307011
2459099.1458333335,0.3338461538008
2459099.15625,0.3329230769003
2459099.1666666665,0.332
2459099.177083333,0.3319444444267
2459099.1875,0.3318611110933
2459099.1979166665,0.33177777776
2459099.2083333335,0.3316944444267
2459099.21875,0.3316111110933
2459099.229166667,0.33152777776
2459099.25,0.24
2459099.2604166665,0.24
2459099.2708333335,0.24
2459099.2916666665,0.3109615384706
2459099.302083333,0.310846153853
2459099.3125,0.3107307692353
2459099.3333333335,0.414
2459099.34375,0.414
2459099.354166667,0.414
2459099.375,0.3778202248227
2459099.3854166665,0.3775168540351
2459099.3958333335,0.3772134832475
2459099.40625,0.3769101124599
2459099.427083333,0.257
2459099.4375,0.257
2459099.4479166665,0.257
2459099.4583333335,0.257
2459099.46875,0.257
2459099.4895833335,0.2960538461414
2459099.5,0.2959846153723
2459099.5104166665,0.2959153846033
2459099.53125,0.203
2459099.5416666665,0.203
2459099.552083333,0.203
2459099.5625,0.203
2459099.5729166665,0.203
2459099.5833333335,0.203
2459099.604166667,0.2152361112
2459099.6145833335,0.2150277778667
2459099.625,0.2148194445333
2459099.6354166665,0.2146111112
2459099.6458333335,0.2144027778667
2459099.65625,0.2141944445333
2459099.677083333,0.411
2459099.6875,0.411
2459099.6979166665,0.411
2459099.7083333335,0.411
2459099.729166667,0.4473333333333
2459099.7395833335,0.447125
2459099.75,0.4469166666667
2459099.7708333335,0.3572857140506
2459099.78125,0.3555714286499
2459099.7916666665,0.3563333331201
2459099.8125,0.3105
2459099.8229166665,0.3103846153823
2459099.8333333335,0.3102692307647
2459099.854166667,0.3363999996542
2459099.8645833335,0.3337000002592
2459099.875,0.331
2459099.8958333335,0.3191935483631
2459099.90625,0.3190967741661
2459099.9166666665,0.319
2459099.9375,0.8598571432491
2459099.9479166665,0.8577142864979
2459099.9583333335,0.8567142858906
2459099.979166667,0.3575555555
2459099.9895833335,0.35727485375
2459100.0,0.356994152
2459100.0208333335,0.24905610375
2459100.03125,0.2488695175
2459100.0416666665,0.24868293125
2459100.052083333,0.248496345
2459100.0625,0.24830975875
2459100.0833333335,0.3671627904547
2459100.09375,0.3663255811773
2459100.104166667,0.3654883718998
2459100.125,0.19637499997
2459100.1354166665,0.196
2459100.1458333335,0.2053115227223
2459100.1666666665,0.196
2459100.177083333,0.196
2459100.1875,0.196
2459100.1979166665,0.196
2459100.2083333335,0.196
2459100.229166667,0.35786111112
2459100.2395833335,0.3577777777867
2459100.25,0.3576944444533
2459100.2708333335,0.4139444444267
2459100.28125,0.4138611110933
2459100.2916666665,0.41377777776
2459100.302083333,0.4136944444267
2459100.3125,0.4136111110933
2459100.3333333335,0.446
2459100.34375,0.446
2459100.354166667,0.446
2459100.375,0.5507058819942
2459100.3854166665,0.5503076926939
2459100.3958333335,0.5512307695944
2459100.4166666665,0.251280093
2459100.427083333,0.2512928245
2459100.4375,0.251305556
2459100.4479166665,0.2513439940833
2459100.46875,0.445875
2459100.479166667,0.4456666666667
2459100.4895833335,0.4454583333333
2459100.5104166665,0.257
2459100.5208333335,0.257
2459100.53125,0.257
2459100.552083333,0.783735450048
2459100.5625,0.7809417991905
2459100.5729166665,0.7781481483335
2459100.59375,0.24
2459100.604166667,0.24
2459100.6145833335,0.24
2459100.6354166665,0.3123454545728
2459100.6458333335,0.3124545454831
2459100.65625,0.3125636363935
2459100.677083333,0.2538235292491
2459100.6875,0.2528181817547
2459100.6979166665,0.2522727271934
2459100.71875,0.279
2459100.729166667,0.27890625
2459100.7395833335,0.2788125
2459100.7604166665,0.364
2459100.7708333335,0.364
2459100.78125,0.364
2459100.802083333,0.257
2459100.8125,0.2569480519561
2459100.8229166665,0.2568701298779
2459100.8333333335,0.2567922077997
2459100.854166667,0.2342072874517
2459100.8645833335,0.2342
2459100.875,0.234191044779
2459100.8958333335,0.177316831684
2459100.90625,0.1773094059413
2459100.9166666665,0.1773019801987
2459100.927083333,0.177294554456
2459100.9375,0.1772871287133
2459100.9479166665,0.1772797029707
2459100.9583333335,0.177272277228
2459100.96875,0.1772648514853
2459100.979166667,0.1772574257427
2459100.9895833335,0.17725
2459101.0,0.1772425742573
2459101.0104166665,0.1772351485147
2459101.03125,0.063428571
2459101.0416666665,0.063214286
2459101.052083333,0.063
2459101.0729166665,0.24
2459101.0833333335,0.24
2459101.09375,0.24
2459101.104166667,0.24
2459101.1145833335,0.24
2459101.1354166665,0.5309724702502
2459101.1458333335,0.5276354166664
2459101.15625,0.5247447916665
2459101.177083333,0.2481231725
2459101.1875,0.24793658625
2459101.1979166665,0.24775
2459101.21875,0.23352777776
2459101.229166667,0.2334444444267
2459101.2395833335,0.2333611110933
2459101.2604166665,0.3996263735582
2459101.2708333335,0.3992307691723
2459101.28125,0.3988351647865
2459101.302083333,0.257
2459101.3125,0.257
2459101.3229166665,0.257
2459101.34375,0.252
2459101.354166667,0.252
2459101.3645833335,0.252
2459101.375,0.252
2459101.3854166665,0.252
2459101.40625,0.4921176467017
2459101.4166666665,0.4912352937564
2459101.427083333,0.4903529408111
2459101.4479166665,0.47
2459101.4583333335,0.47
2459101.46875,0.4689999992321
2459101.4895833335,0.1221379310516
2459101.5,0.1218275862103
2459101.5104166665,0.121517241369
2459101.53125,0.26030555556
2459101.5416666665,0.2602638888933
2459101.552083333,0.2602222222267
2459101.5625,0.26018055556
2459101.5729166665,0.2601388888933
2459101.5833333335,0.2600972222267
2459101.604166667,0.3988351647865
2459101.6145833335,0.3984395604006
2459101.625,0.3980439560147
2459101.6354166665,0.3976483516289
2459101.65625,0.7379285714285
2459101.6666666665,0.7363214285714
2459101.677083333,0.7347142857144
2459101.6979166665,0.6190256410825
2459101.7083333335,0.6197948718327
2459101.71875,0.6205641025831
2459101.7395833335,0.2494941860466
2459101.75,0.2499302325582
2459101.7604166665,0.2503662790697
2459101.7708333335,0.2508023255814
2459101.7916666665,0.4121111110933
2459101.802083333,0.41202777776
2459101.8125,0.412
2459101.8229166665,0.412
2459101.8333333335,0.412
2459101.84375,0.412
2459101.854166667,0.412
2459101.8645833335,0.412
2459101.875,0.412
2459101.8854166665,0.4116470587238
2459101.8958333335,0.4105882352343
2459101.90625,0.4095294117448
2459101.9166666665,0.4084705882552
2459101.927083333,0.4074117647657
2459101.9375,0.4063529412762
2459101.9583333335,0.257
2459101.96875,0.257
2459101.979166667,0.257
2459102.0,0.311072614399
2459102.0104166665,0.3110088574817
2459102.0208333335,0.3109451005643
2459102.03125,0.310881343647
2459102.0416666665,0.3108175867296
2459102.0625,0.15
2459102.0729166665,0.14208333336
2459102.0833333335,0.14220833336
2459102.104166667,0.2032476033889
2459102.1145833335,0.2027316235556
2459102.125,0.2022156437223
2459102.1354166665,0.2016996638889
2459102.1458333335,0.2011836840556
2459102.15625,0.2006677042223
2459102.177083333,0.2875406360423
2459102.1875,0.2875194346225
2459102.1979166665,0.2874982332096
2459102.21875,0.3268787878709
2459102.229166667,0.3266969696917
2459102.2395833335,0.3265151515125
2459102.25,0.3263333333333
2459102.2604166665,0.3261515151542
2459102.2708333335,0.325969696975
2459102.2916666665,0.39572222224
2459102.302083333,0.3957638889067
2459102.3125,0.3958055555733
2459102.3333333335,0.38758333332
2459102.34375,0.38745833332
2459102.354166667,0.38733333332
2459102.375,0.262
2459102.3854166665,0.262
2459102.3958333335,0.262
2459102.40625,0.262
2459102.427083333,0.317
2459102.4375,0.3209999992321
2459102.4479166665,0.3180000007679
2459102.4583333335,0.3168611112
2459102.479166667,0.7879999999998
2459102.4895833335,0.7849999999999
2459102.5,0.7820000000001
2459102.5208333335,0.3156000001872
2459102.53125,0.3151500001908
2459102.5416666665,0.3147333334869
2459102.5625,0.7012833334982
2459102.5729166665,0.6810416667491
2459102.5833333335,0.6608
2459102.604166667,0.257
2459102.6145833335,0.257
2459102.625,0.257
2459102.6458333335,0.24
2459102.65625,0.24
2459102.6666666665,0.24
2459102.6875,0.466
2459102.6979166665,0.4640714279102
2459102.7083333335,0.4621428564376
2459102.729166667,0.286
2459102.7395833335,0.2855714286106
2459102.75,0.2851428570841
2459102.7604166665,0.2824999994002
2459102.78125,0.4222000002304
2459102.7916666665,0.4216551726193
2459102.802083333,0.4211379312172
2459102.8229166665,0.2606666662666
2459102.8333333335,0.2574999988003
2459102.84375,0.2550555555467
2459102.8645833335,0.2947847769033
2459102.875,0.2935485562328
2459102.8854166665,0.2923123355624
2459102.90625,0.2339599999877
2459102.9166666665,0.2330000000001
2459102.927083333,0.2320400000122
2459102.9375,0.2310800000246
2459102.9583333335,0.3465714286302
2459102.96875,0.3467857143494
2459102.979166667,0.3470000000686
2459103.0,0.3244107142854
2459103.0104166665,0.3244642857124
2459103.0208333335,0.3245178571395
2459103.0416666665,0.5157377049531
2459103.052083333,0.5158928571061
2459103.0625,0.5155714285273
2459103.0729166665,0.5152499999486
2459103.0833333335,0.5149285713698
2459103.104166667,0.252
2459103.1145833335,0.252
2459103.125,0.252
2459103.1354166665,0.252
2459103.15625,0.2592499999486
2459103.1666666665,0.2595714285273
2459103.177083333,0.2598928571061
2459103.1979166665,0.2381038961126
2459103.2083333335,0.2380259740344
2459103.21875,0.238
2459103.2395833335,0.4394444444267
2459103.25,0.43940277776
2459103.2604166665,0.4393611110933
2459103.28125,0.249090909202
2459103.2916666665,0.24891666672
2459103.302083333,0.24879166672
2459103.3125,0.24866666672
2459103.3229166665,0.24854166672
2459103.3333333335,0.24841666672
2459103.354166667,0.2760714286498
2459103.3645833335,0.276
2459103.375,0.276
2459103.3958333335,0.2544222221226
2459103.40625,0.2548888887894
2459103.4166666665,0.255355555456
2459103.427083333,0.2558222221226
2459103.4375,0.2562888887894
2459103.4479166665,0.256755555456
2459103.46875,0.223
2459103.479166667,0.2203333333333
2459103.4895833335,0.2231481481955
2459103.5104166665,0.6622307691536
2459103.5208333335,0.6604615383076
2459103.53125,0.6586923074615
2459103.552083333,0.1962222221867
2459103.5625,0.1959740259658
2459103.5729166665,0.1958961038882
2459103.5833333335,0.1958181818106
2459103.604166667,0.3329230769003
2459103.6145833335,0.332
2459103.625,0.3319444444267
2459103.6458333335,0.22783333332
2459103.65625,0.2277916666533
2459103.6666666665,0.2277499999867
2459103.6875,0.335
2459103.6979166665,0.335
2459103.7083333335,0.335
2459103.71875,0.335
2459103.729166667,0.335
2459103.7395833335,0.335
2459103.75,0.335
2459103.7604166665,0.335
2459103.7708333335,0.335
2459103.78125,0.335
2459103.7916666665,0.335
2459103.802083333,0.335
2459103.8125,0.335
2459103.8229166665,0.335
2459103.8333333335,0.335
2459103.84375,0.335
2459103.854166667,0.335
2459103.875,0.3102857135021
2459103.8854166665,0.3110952380365
2459103.8958333335,0.3112380951826
2459103.9166666665,0.3520847457577
2459103.927083333,0.3522372881314
2459103.9375,0.3523898305052
2459103.9583333335,0.257
2459103.96875,0.257
2459103.979166667,0.257
2459104.0,0.23854166664
2459104.0104166665,0.23866666664
2459104.0208333335,0.23879166664
2459104.0416666665,0.319
2459104.052083333,0.3177142852734
2459104.0625,0.3164285709584
2459104.0729166665,0.3151428566432
2459104.09375,0.3218421052073
2459104.104166667,0.3213684209808
2459104.1145833335,0.3208947367544
2459104.1354166665,0.1325384619928
2459104.1458333335,0.1302307697421
2459104.15625,0.1279230774913
2459104.1666666665,0.1256153852402
2459104.1875,0.19749999988
2459104.1979166665,0.19712499991
2459104.2083333335,0.19674999994
2459104.21875,0.19637499997
2459104.2395833335,0.25987500004
2459104.25,0.25975000004
2459104.2604166665,0.25962500004
2459104.28125,0.2303999999194
2459104.2916666665,0.2300999999175
2459104.302083333,0.2297999999155
2459104.3229166665,0.3047857145085
2459104.3333333335,0.3033928574772
2459104.34375,0.302
2459104.354166667,0.3017272728066
2459104.3645833335,0.301454545526
2459104.3854166665,0.3577777778133
2459104.3958333335,0.35769444448
2459104.40625,0.3576111111467
2459104.427083333,0.335
2459104.4375,0.335
2459104.4479166665,0.335
2459104.4583333335,0.335
2459104.46875,0.335
2459104.479166667,0.3350555555733
2459104.5,0.3203750000133
2459104.5104166665,0.32041666668
2459104.5208333335,0.3204583333467
2459104.5416666665,0.22770833332
2459104.552083333,0.2276666666533
2459104.5625,0.2276249999867
2459104.5833333335,0.2176666663466
2459104.59375,0.2196666666666
2459104.604166667,0.2216666669868
2459104.6145833335,0.2236666673067
2459104.6354166665,0.2570058479495
2459104.6458333335,0.257
2459104.65625,0.257
2459104.677083333,0.782
2459104.6875,0.758
2459104.6979166665,0.7427499989792
2459104.71875,0.3168399999286
2459104.729166667,0.3170199999297
2459104.7395833335,0.3171999999309
2459104.7604166665,0.4717467053334
2459104.7708333335,0.4707361656666
2459104.78125,0.469725626
2459104.802083333,0.2587638888933
2459104.8125,0.25880555556
2459104.8229166665,0.2588472222267
2459104.84375,0.28
2459104.854166667,0.28
2459104.8645833335,0.28
2459104.875,0.28
2459104.8854166665,0.28
2459104.90625,0.4378136302222
2459104.9166666665,0.4375221915555
2459104.927083333,0.4372307528889
2459104.9479166665,0.3386249999662
2459104.9583333335,0.3382499999625
2459104.96875,0.3378749999587
2459104.979166667,0.337499999955
2459104.9895833335,0.3371249999513
2459105.0,0.3367499999475
2459105.0104166665,0.3363749999437
2459105.0208333335,0.33599999994
2459105.03125,0.3356249999362
2459105.0416666665,0.3352499999325
2459105.0625,0.116
2459105.0729166665,0.116
2459105.0833333335,0.1197142859693
2459105.09375,0.125285715814
2459105.1145833335,0.26222222224
2459105.125,0.2620555555733
2459105.1354166665,0.262
2459105.15625,0.3570909090962
2459105.1666666665,0.3568181818341
2459105.177083333,0.3565454545851
2459105.1979166665,0.2842490785676
2459105.2083333335,0.283572327946
2459105.21875,0.2828955773244
2459105.2395833335,0.8455384611065
2459105.25,0.84115384583
2459105.2604166665,0.8367692305536
2459105.28125,0.2515361845
2459105.2916666665,0.2515746225833
2459105.302083333,0.2516130606667
2459105.3229166665,0.2992222217778
2459105.3333333335,0.2991805551111
2459105.34375,0.2991388884444
2459105.3645833335,0.3284027777867
2459105.375,0.3284444444533
2459105.3854166665,0.32848611112
2459105.3958333335,0.3285277777867
2459105.40625,0.3285694444533
2459105.4166666665,0.32861111112
2459105.427083333,0.3286527777867
2459105.4375,0.3286944444533
2459105.4479166665,0.32873611112
2459105.4583333335,0.3287777777867
2459105.46875,0.3288194444533
2459105.479166667,0.32886111112
2459105.4895833335,0.3289027777867
2459105.5,0.3289444444533
2459105.5104166665,0.32898611112
2459105.5208333335,0.3288787878418
2459105.53125,0.3286969696626
2459105.5416666665,0.3285151514834
2459105.552083333,0.3283333333043
2459105.5625,0.3281515151251
2459105.5729166665,0.3279696969459
2459105.5833333335,0.3277878787667
2459105.604166667,0.338
2459105.6145833335,0.338
2459105.625,0.338
2459105.6458333335,0.37883333344
2459105.65625,0.37833333344
2459105.6666666665,0.37783333344
2459105.677083333,0.37733333344
2459105.6979166665,0.414
2459105.7083333335,0.414
2459105.71875,0.414
2459105.729166667,0.414
2459105.7395833335,0.414
2459105.75,0.414
2459105.7604166665,0.414
2459105.7708333335,0.414
2459105.78125,0.414
2459105.7916666665,0.414
2459105.802083333,0.414
2459105.8125,0.414
2459105.8229166665,0.414
2459105.8333333335,0.414
2459105.854166667,0.3157361110933
2459105.8645833335,0.31577777776
2459105.875,0.3158194444267
2459105.8958333335,0.2833694580341
2459105.90625,0.2831477831569
2459105.9166666665,0.283
2459105.9375,0.3209583333467
2459105.9479166665,0.321
2459105.9583333335,0.3207209301516
2459105.96875,0.3204418603924
2459105.9895833335,0.3390347222067
2459106.0,0.33896180554
2459106.0104166665,0.3388888888733
2459106.03125,0.3066666662399
2459106.0416666665,0.30566666624
2459106.052083333,0.3050138889067
2459106.0625,0.3050555555733
2459106.0833333335,0.2984134076624
2459106.09375,0.2979944132505
2459106.104166667,0.2975754188386
2459106.1145833335,0.2971564244267
2459106.125,0.2967374300148
2459106.1458333335,0.2657272720329
2459106.15625,0.2638181811517
2459106.1666666665,0.2619090902705
2459106.1875,0.71500000036
2459106.1979166665,0.7127500002702
2459106.2083333335,0.712
2459106.21875,0.711090909567
2459106.2395833335,0.195
2459106.25,0.195
2459106.2604166665,0.195
2459106.2708333335,0.195
2459106.28125,0.195
2459106.2916666665,0.195
2459106.302083333,0.195
2459106.3125,0.195
2459106.3229166665,0.19475000015
2459106.3333333335,0.194375000135
2459106.34375,0.19400000012
2459106.354166667,0.193625000105
2459106.375,0.4405625005362
2459106.3854166665,0.4381250002925
2459106.3958333335,0.4356875000489
2459106.4166666665,0.3779523811678
2459106.427083333,0.3763809526683
2459106.4375,0.3748095241688
2459106.4583333335,0.495932203384
2459106.46875,0.4957796610103
2459106.479166667,0.4956271186366
2459106.5,0.2447499997
2459106.5104166665,0.2434999998001
2459106.5208333335,0.2422499998999
2459106.5416666665,0.7217500006301
2459106.552083333,0.7195000005402
2459106.5625,0.7172500004499
2459106.5729166665,0.71500000036
2459106.59375,0.26
2459106.604166667,0.26
2459106.6145833335,0.26
2459106.6354166665,0.3303611110933
2459106.6458333335,0.33027777776
2459106.65625,0.3301944444267
2459106.6666666665,0.3301111110933
2459106.677083333,0.33002777776
2459106.6979166665,0.2590392156619
2459106.7083333335,0.264
2459106.71875,0.2580138888933
2459106.7395833335,0.252
2459106.75,0.252
2459106.7604166665,0.252
2459106.7708333335,0.252
2459106.7916666665,0.3170930232828
2459106.802083333,0.317
2459106.8125,0.317
2459106.8333333335,0.3491111111111
2459106.84375,0.3486666666667
2459106.854166667,0.3482222222222
2459106.8645833335,0.3477777777778
2459106.8854166665,0.3487343750443
2459106.8958333335,0.3484062500558
2459106.90625,0.3480781250673
2459106.927083333,0.8270000000005
2459106.9375,0.818000000001
2459106.9479166665,0.809
2459106.96875,0.2958823527951
2459106.979166667,0.2939411763974
2459106.9895833335,0.292
2459107.0,0.2901250001501
2459107.0104166665,0.2882500002999
2459107.03125,0.2109722221867
2459107.0416666665,0.211
2459107.052083333,0.211
2459107.0729166665,0.364
2459107.0833333335,0.364
2459107.09375,0.364
2459107.104166667,0.364
2459107.125,0.257
2459107.1354166665,0.257
2459107.1458333335,0.257
2459107.15625,0.257
2459107.177083333,0.227
2459107.1875,0.227
2459107.1979166665,0.2270833333333
2459107.2083333335,0.2271666666667
2459107.21875,0.22725
2459107.229166667,0.2273333333333
2459107.25,0.257
2459107.2604166665,0.257
2459107.2708333335,0.257
2459107.28125,0.257
2459107.2916666665,0.257
2459107.302083333,0.257
2459107.3229166665,0.359
2459107.3333333335,0.3588571428637
2459107.34375,0.3587142857273
2459107.3645833335,0.2571637426863
2459107.375,0.2571461988267
2459107.3854166665,0.257128654967
2459107.3958333335,0.2571111111074
2459107.4166666665,0.145625000105
2459107.427083333,0.14525000009
2459107.4375,0.144875000075
2459107.4583333335,0.3128611111333
2459107.46875,0.3126527778
2459107.479166667,0.3124444444667
2459107.5,0.251076389
2459107.5104166665,0.2510891205
2459107.5208333335,0.251101852
2459107.5416666665,0.248
2459107.552083333,0.248
2459107.5625,0.248
2459107.5833333335,0.1955084745542
2459107.59375,0.1957118643759
2459107.604166667,0.1959152541976
2459107.625,0.257
2459107.6354166665,0.257
2459107.6458333335,0.257
2459107.65625,0.257
2459107.6666666665,0.257
2459107.677083333,0.257
2459107.6875,0.257
2459107.6979166665,0.257
2459107.71875,0.3520847457577
2459107.729166667,0.3522372881314
2459107.7395833335,0.3523898305052
2459107.75,0.3525423728789
2459107.7604166665,0.3526949152526
2459107.7708333335,0.3528474576263
2459107.78125,0.353
2459107.7916666665,0.3649999990392
2459107.802083333,0.4003333333369
2459107.8125,0.468
2459107.8229166665,0.5112000027625
2459107.8333333335,0.5504999949614
2459107.84375,0.569
2459107.854166667,0.607
2459107.8645833335,0.6213999963141
2459107.8854166665,0.3262347314183
2459107.8958333335,0.3261795437806
2459107.90625,0.326124356143
2459107.927083333,0.553
2459107.9375,0.556
2459107.9479166665,0.5590000001918
2459107.96875,0.2053115227223
2459107.979166667,0.2047955428889
2459107.9895833335,0.2042795630556
2459108.0,0.2037635832223
2459108.0208333335,0.257
2459108.03125,0.257
2459108.0416666665,0.257
2459108.052083333,0.257
2459108.0729166665,0.4299199999401
2459108.0833333335,0.4295599999585
2459108.09375,0.429199999977
2459108.1145833335,0.251
2459108.125,0.2507272727431
2459108.1354166665,0.2504545454863
2459108.15625,0.2980285714509
2459108.1666666665,0.2979000000247
2459108.177083333,0.2977714285985
2459108.1875,0.2976428571722
2459108.1979166665,0.297514285746
2459108.2083333335,0.2973857143198
2459108.21875,0.2972571428936
2459108.2395833335,0.2957647057777
2459108.25,0.2954558822469
2459108.2604166665,0.295147058716
2459108.28125,0.4616666665067
2459108.2916666665,0.4606666665866
2459108.302083333,0.4596666666667
2459108.3229166665,0.23477777776
2459108.3333333335,0.2346944444267
2459108.34375,0.2346111110933
2459108.3645833335,0.364
2459108.375,0.364
2459108.3854166665,0.364
2459108.40625,0.2576666666933
2459108.4166666665,0.25758333336
2459108.427083333,0.2575000000267
2459108.4479166665,0.2587647055335
2459108.4583333335,0.2575294114625
2459108.46875,0.2562941173912
2459108.4895833335,0.2327999999347
2459108.5,0.2324999999328
2459108.5104166665,0.2321999999309
2459108.5208333335,0.231899999929
2459108.5416666665,0.1766363635348
2459108.552083333,0.1763636362732
2459108.5625,0.1760909090116
2459108.5833333335,0.265
2459108.59375,0.265
2459108.604166667,0.265
2459108.6145833335,0.265
2459108.6354166665,0.319604651115
2459108.6458333335,0.3193255813559
2459108.65625,0.3190465115968
2459108.6666666665,0.3187674418376
2459108.677083333,0.3184883720785
2459108.6875,0.3182093023194
2459108.6979166665,0.3179302325602
2459108.71875,0.125714285832
2459108.729166667,0.1222727269709
2459108.7395833335,0.1170909095432
2459108.75,0.1119090921154
2459108.7708333335,0.1396384615492
2459108.78125,0.1395576923186
2459108.7916666665,0.1394769230881
2459108.8125,0.356
2459108.8229166665,0.356
2459108.8333333335,0.356
2459108.854166667,0.2582638888933
2459108.8645833335,0.25830555556
2459108.875,0.2583472222267
2459108.8854166665,0.2583888888933
2459108.90625,0.641
2459108.9166666665,0.647611111
2459108.927083333,0.6451041663749
2459108.9375,0.6459166665
2459108.9583333335,0.7176250009901
2459108.96875,0.7220000007198
2459108.979166667,0.7259999995201
2459109.0,0.26044444444
2459109.0104166665,0.2604861111067
2459109.0208333335,0.2605277777733
2459109.03125,0.26056944444
2459109.052083333,0.696
2459109.0625,0.696
2459109.0729166665,0.696
2459109.09375,0.84855555552
2459109.104166667,0.8482222221867
2459109.1145833335,0.8478888888533
2459109.1354166665,0.2922127662225
2459109.1458333335,0.281
2459109.15625,0.2799090907822
2459109.177083333,0.32033333344
2459109.1875,0.3200000001067
2459109.1979166665,0.3196666667733
2459109.2083333335,0.31933333344
2459109.21875,0.319
2459109.229166667,0.3185384616975
2459109.2395833335,0.3180769232474
2459109.25,0.3176153847972
2459109.2604166665,0.317153846347
2459109.2708333335,0.31694444448
2459109.28125,0.3168611111467
2459109.2916666665,0.3167777778133
2459109.302083333,0.31669444448
2459109.3125,0.3166111111467
2459109.3333333335,0.24
2459109.34375,0.24
2459109.354166667,0.24
2459109.375,0.2615565300555
2459109.3854166665,0.2613182259722
2459109.3958333335,0.2610799218889
2459109.4166666665,0.7312008548974
2459109.427083333,0.7304444446667
2459109.4375,0.7296880344359
2459109.4479166665,0.7289316242051
2459109.4583333335,0.7281752139743
2459109.46875,0.7274188037436
2459109.479166667,0.7277252255406
2459109.4895833335,0.7285630633514
2459109.5,0.7294009011621
2459109.5104166665,0.730238738973
2459109.5208333335,0.7310765767838
2459109.5416666665,0.3264999997198
2459109.552083333,0.323
2459109.5625,0.323
2459109.5729166665,0.323
2459109.59375,0.3935428571146
2459109.604166667,0.3933714285464
2459109.6145833335,0.393199999978
2459109.625,0.3930285714098
2459109.6354166665,0.3928571428415
2459109.6458333335,0.3926857142732
2459109.6666666665,0.2510127315
2459109.677083333,0.251025463
2459109.6875,0.2510381945
2459109.6979166665,0.251050926
2459109.7083333335,0.2510636575
2459109.71875,0.251076389
2459109.7395833335,0.704
2459109.75,0.6950000000006
2459109.7604166665,0.6859999999996
2459109.78125,0.8036400012475
2459109.7916666665,0.8001600014253
2459109.802083333,0.7974000009217
2459109.8229166665,0.3808539326988
2459109.8333333335,0.3805505619112
2459109.84375,0.3802471911236
2459109.854166667,0.379943820336
2459109.8645833335,0.3796404495484
2459109.875,0.3793370787608
2459109.8854166665,0.3790337079732
2459109.8958333335,0.3787303371855
2459109.90625,0.3784269663979
2459109.9166666665,0.3781235956104
2459109.927083333,0.3778202248227
2459109.9375,0.3775168540351
2459109.9479166665,0.3772134832475
2459109.9583333335,0.3769101124599
2459109.96875,0.3766067416723
2459109.979166667,0.3763033708847
2459109.9895833335,0.3760000000971
2459110.0104166665,0.235
2459110.0208333335,0.235
2459110.03125,0.235
2459110.0416666665,0.235
2459110.0625,0.9517142858124
2459110.0729166665,0.9538571425632
2459110.0833333335,0.956
2459110.104166667,0.3205000000133
2459110.1145833335,0.32054166668
2459110.125,0.3205833333467
2459110.1458333335,0.31519444448
2459110.15625,0.3151111111467
2459110.1666666665,0.3150277778133
2459110.1875,0.063857143
2459110.1979166665,0.063642857
2459110.2083333335,0.063428571
2459110.229166667,0.1453157892822
2459110.2395833335,0.1446153841326
2459110.25,0.143461538007
2459110.2604166665,0.1423076918816
2459110.28125,0.2390555555733
2459110.2916666665,0.23909722224
2459110.302083333,0.2391388889067
2459110.3125,0.2391805555733
2459110.3229166665,0.23922222224
2459110.34375,0.3031111112533
2459110.354166667,0.302714285871
2459110.3645833335,0.3022857144033
2459110.3854166665,0.6098709682595
2459110.3958333335,0.6112258069551
2459110.40625,0.6125806456507
2459110.427083333,0.2610806451553
2459110.4375,0.2611290322516
2459110.4479166665,0.2611774193478
2459110.46875,0.2075212962
2459110.479166667,0.2067185184001
2459110.4895833335,0.2059157406001
2459110.5104166665,0.8347999926283
2459110.5208333335,0.806
2459110.53125,0.782
2459110.552083333,0.25912500004
2459110.5625,0.259
2459110.5729166665,0.2589166666933
2459110.5833333335,0.25883333336
2459110.604166667,0.5936999998847
2459110.6145833335,0.5927999998272
2459110.625,0.5918999997696
2459110.6458333335,0.161
2459110.65625,0.1603333331734
2459110.6666666665,0.1593333332533
2459110.6875,0.4462857142858
2459110.6979166665,0.44
2459110.7083333335,0.4395384615385
2459110.729166667,0.2585972222267
2459110.7395833335,0.2586388888933
2459110.75,0.25868055556
2459110.7708333335,0.4198888888889
2459110.78125,0.42
2459110.7916666665,0.4199583333333
2459110.8125,0.34158680554
2459110.8229166665,0.3415138888733
2459110.8333333335,0.3414409722067
2459110.84375,0.34136805554
2459110.854166667,0.3412951388733
2459110.8645833335,0.3412222222067
2459110.875,0.34114930554
2459110.8854166665,0.3410763888733
2459110.8958333335,0.3410034722067
2459110.90625,0.34093055554
2459110.9166666665,0.3408576388733
2459110.927083333,0.3407847222067
2459110.9375,0.34071180554
2459110.9479166665,0.3406388888733
2459110.9583333335,0.3405659722067
2459110.96875,0.34049305554
2459110.979166667,0.3404201388733
2459110.9895833335,0.3403472222067
2459111.0,0.34027430554
2459111.0104166665,0.3402013888733
2459111.0208333335,0.3401284722067
2459111.03125,0.34005555554
2459111.0416666665,0.3399826388733
2459111.052083333,0.3399097222067
2459111.0625,0.33983680554
2459111.0729166665,0.3397638888733
2459111.0833333335,0.3396909722067
2459111.09375,0.33961805554
2459111.104166667,0.3395451388733
2459111.1145833335,0.3394722222067
2459111.125,0.33939930554
2459111.1354166665,0.3393263888733
2459111.1458333335,0.3392534722067
2459111.15625,0.33918055554
2459111.177083333,0.3575454542757
2459111.1875,0.3586363633507
2459111.1979166665,0.3597272724257
2459111.21875,0.41811111104
2459111.229166667,0.4177777777067
2459111.2395833335,0.4174444443733
2459111.25,0.41711111104
2459111.2604166665,0.4167777777067
2459111.2708333335,0.4164444443733
2459111.28125,0.41611111104
2459111.2916666665,0.4157777777067
2459111.3125,0.2870733025278
2459111.3229166665,0.2870675154861
2459111.3333333335,0.2870617284444
2459111.354166667,0.209
2459111.3645833335,0.19787499985
2459111.375,0.19749999988
2459111.3958333335,0.3396666665212
2459111.40625,0.3392121210535
2459111.4166666665,0.3387575755856
2459111.4375,0.062142857
2459111.4479166665,0.0614
2459111.4583333335,0.0596
2459111.46875,0.063
2459111.479166667,0.066571429
2459111.4895833335,0.065285714
2459111.5104166665,0.3107307692353
2459111.5208333335,0.3106153846177
2459111.53125,0.3105
2459111.552083333,0.2575662035
2459111.5625,0.25751921275
2459111.5729166665,0.257472222
2459111.59375,0.262
2459111.604166667,0.262
2459111.6145833335,0.262
2459111.625,0.262
2459111.6458333335,0.3125769231178
2459111.65625,0.3124615385002
2459111.6666666665,0.3123461538825
2459111.6875,0.4869999997598
2459111.6979166665,0.484
2459111.7083333335,0.4810000002402
2459111.729166667,0.462
2459111.7395833335,0.4582500003002
2459111.75,0.4535000008398
2459111.7708333335,0.3120277778
2459111.78125,0.3118194444667
2459111.7916666665,0.3116111111333
2459111.8125,0.4737142861845
2459111.8229166665,0.4711428577308
2459111.8333333335,0.4685714292766
2459111.84375,0.4660000008229
2459111.854166667,0.4634285723692
2459111.875,0.3963333330773
2459111.8854166665,0.3955333330261
2459111.8958333335,0.3950138889067
2459111.90625,0.3950555555733
2459111.9166666665,0.39509722224
2459111.927083333,0.3951388889067
2459111.9375,0.3951805555733
2459111.9479166665,0.39522222224
2459111.9583333335,0.3952638889067
2459111.96875,0.3953055555733
2459111.979166667,0.39534722224
2459111.9895833335,0.3953888889067
2459112.0,0.3954305555733
2459112.0104166665,0.39547222224
2459112.0208333335,0.3955138889067
2459112.03125,0.3955555555733
2459112.0416666665,0.39559722224
2459112.052083333,0.3956388889067
2459112.0625,0.3956805555733
2459112.0729166665,0.39572222224
2459112.0833333335,0.3957638889067
2459112.09375,0.3958055555733
2459112.104166667,0.39584722224
2459112.1145833335,0.3958888889067
2459112.125,0.3959305555733
2459112.1354166665,0.39597222224
2459112.1458333335,0.3959428570708
2459112.15625,0.3957714285024
2459112.1666666665,0.3955999999342
2459112.177083333,0.3954285713659
2459112.1875,0.3952571427976
2459112.1979166665,0.3950857142293
2459112.2083333335,0.394914285661
2459112.21875,0.3947428570927
2459112.229166667,0.3945714285244
2459112.2395833335,0.3943999999561
2459112.25,0.3942285713878
2459112.2604166665,0.3940571428195
2459112.2708333335,0.3938857142512
2459112.28125,0.3937142856829
2459112.2916666665,0.3935428571146
2459112.302083333,0.3933714285464
2459112.3125,0.393199999978
2459112.3229166665,0.3930285714098
2459112.3333333335,0.3928571428415
2459112.34375,0.3926857142732
2459112.3645833335,0.428
2459112.375,0.42673684185
2459112.3854166665,0.4254736841042
2459112.40625,0.346
2459112.4166666665,0.346
2459112.427083333,0.346
2459112.4479166665,0.2336944444267
2459112.4583333335,0.2336111110933
2459112.46875,0.23352777776
2459112.4895833335,0.553
2459112.5,0.553
2459112.5104166665,0.553
2459112.53125,0.388
2459112.5416666665,0.388
2459112.552083333,0.388
2459112.5625,0.388
2459112.5729166665,0.388
2459112.5833333335,0.388
2459112.59375,0.388
2459112.6145833335,0.231899999929
2459112.625,0.231599999927
2459112.6354166665,0.2312999999251
2459112.65625,0.2695454537956
2459112.6666666665,0.2676363629144
2459112.677083333,0.2657272720329
2459112.6979166665,0.1030000014396
2459112.7083333335,0.1003999997696
2459112.71875,0.1009999998079
2459112.729166667,0.1015999998464
2459112.75,0.5777088607231
2459112.7604166665,0.5774999999666
2459112.7708333335,0.5772911392101
2459112.7916666665,0.2572670565555
2459112.802083333,0.2570287524722
2459112.8125,0.2567904483889
2459112.8229166665,0.2565811404028
2459112.84375,0.3987333332309
2459112.854166667,0.3979333331797
2459112.8645833335,0.3971333331286
2459112.8854166665,0.3098076922941
2459112.8958333335,0.3096923076764
2459112.90625,0.3095769230587
2459112.927083333,0.3638651685928
2459112.9375,0.3635617978052
2459112.9479166665,0.3632584270175
2459112.9583333335,0.36295505623
2459112.96875,0.3626516854424
2459112.979166667,0.3623483146547
2459112.9895833335,0.3620449438671
2459113.0,0.3617415730795
2459113.0104166665,0.3614382022919
2459113.0208333335,0.3611348315043
2459113.0416666665,0.2928000000192
2459113.052083333,0.279
2459113.0625,0.2792631577352
2459113.0833333335,0.063
2459113.09375,0.066571429
2459113.104166667,0.065285714
2459113.125,0.1767333332822
2459113.1354166665,0.18
2459113.1458333335,0.1883333333329
2459113.15625,0.191499999952
2459113.1666666665,0.19225
2459113.1875,0.26175000004
2459113.1979166665,0.26162500004
2459113.2083333335,0.26150000004
2459113.21875,0.26137500004
2459113.229166667,0.26125000004
2459113.25,0.2564912280421
2459113.2604166665,0.2562280701474
2459113.2708333335,0.2559649122526
2459113.2916666665,0.3958055555733
2459113.302083333,0.39584722224
2459113.3125,0.3958888889067
2459113.3229166665,0.3959305555733
2459113.3333333335,0.39597222224
2459113.34375,0.3959428570708
2459113.3645833335,0.19299999988
2459113.375,0.19199999984
2459113.3854166665,0.1909999997999
2459113.40625,0.1916078431361
2459113.4166666665,0.1915490196056
2459113.427083333,0.1914901960751
2459113.4375,0.1914313725446
2459113.4479166665,0.1913725490141
2459113.4583333335,0.1913137254836
2459113.46875,0.191254901953
2459113.479166667,0.1911960784225
2459113.4895833335,0.191137254892
2459113.5,0.1910784313615
2459113.5104166665,0.191019607831
2459113.5208333335,0.1913333334133
2459113.53125,0.1918333333734
2459113.5416666665,0.1923333333333
2459113.552083333,0.1928333332933
2459113.5625,0.1938333331334
2459113.5729166665,0.1950833330333
2459113.5833333335,0.1963333329332
2459113.59375,0.1975833328334
2459113.604166667,0.1988571423281
2459113.625,0.3171999999309
2459113.6354166665,0.317379999932
2459113.6458333335,0.3175599999332
2459113.6666666665,0.4136111110933
2459113.677083333,0.41352777776
2459113.6875,0.4134444444267
2459113.7083333335,0.31933333344
2459113.71875,0.319
2459113.729166667,0.3185384616975
2459113.7395833335,0.3180769232474
2459113.75,0.3176153847972
2459113.7604166665,0.317153846347
2459113.78125,0.332
2459113.7916666665,0.3318870966309
2459113.802083333,0.3315483869569
2459113.8229166665,0.449
2459113.8333333335,0.449
2459113.84375,0.449
2459113.854166667,0.449
2459113.8645833335,0.449
2459113.875,0.4487916666667
2459113.8958333335,0.252
2459113.90625,0.252
2459113.9166666665,0.252
2459113.927083333,0.252
2459113.9375,0.252
2459113.9479166665,0.252
2459113.9583333335,0.252
2459113.96875,0.252
2459113.979166667,0.252
2459113.9895833335,0.252
2459114.0104166665,0.462
2459114.0208333335,0.462
2459114.03125,0.462
2459114.052083333,0.1393961538575
2459114.0625,0.1393153846269
2459114.0729166665,0.1392346153963
2459114.0833333335,0.1391538461658
2459114.09375,0.1390730769352
2459114.1145833335,0.358625
2459114.125,0.3575374999999
2459114.1354166665,0.35645
2459114.15625,0.3730555554133
2459114.1666666665,0.37272222208
2459114.177083333,0.3723888887467
2459114.1979166665,0.357625
2459114.2083333335,0.3575
2459114.21875,0.357375
2459114.2395833335,0.302
2459114.25,0.297
2459114.2604166665,0.297
2459114.28125,0.4133611110933
2459114.2916666665,0.41327777776
2459114.302083333,0.4131944444267
2459114.3125,0.4131111110933
2459114.3333333335,0.364
2459114.34375,0.364
2459114.354166667,0.364
2459114.3645833335,0.364
2459114.375,0.364
2459114.3958333335,0.342
2459114.40625,0.342
2459114.4166666665,0.342
2459114.4375,0.6905
2459114.4479166665,0.6913333333331
2459114.4583333335,0.6948333322134
2459114.479166667,0.3555714284933
2459114.4895833335,0.3521428569859
2459114.5,0.3487142854792
2459114.5208333335,0.3285180723871
2459114.53125,0.3278313254124
2459114.5416666665,0.3271445784377
2459114.552083333,0.326457831463
2459114.5625,0.32604166664
2459114.5833333335,0.257
2459114.59375,0.257
2459114.604166667,0.257
2459114.6145833335,0.257
2459114.6354166665,0.4402608025556
2459114.6458333335,0.4399789738473
2459114.65625,0.4396971451389
2459114.677083333,0.24866666672
2459114.6875,0.24854166672
2459114.6979166665,0.24841666672
2459114.71875,0.2318611110933
2459114.729166667,0.23177777776
2459114.7395833335,0.2316944444267
2459114.7604166665,0.2874750000693
2459114.7708333335,0.287212500062
2459114.78125,0.2869500000546
2459114.802083333,0.3575277778133
2459114.8125,0.35744444448
2459114.8229166665,0.3573611111467
2459114.84375,0.3693252525332
2459114.854166667,0.3713131313334
2459114.8645833335,0.3733010101334
2459114.8854166665,0.8685555545599
2459114.8958333335,0.8662857135021
2459114.90625,0.8641428567509
2459114.9166666665,0.862
2459114.9375,0.2624311922021
2459114.9479166665,0.2607522931098
2459114.9583333335,0.2590733940172
2459114.96875,0.2573944949248
2459114.9895833335,0.206
2459115.0,0.206
2459115.0104166665,0.206
2459115.03125,0.3766067416723
2459115.0416666665,0.3763033708847
2459115.052083333,0.3760000000971
2459115.0729166665,0.331
2459115.0833333335,0.331
2459115.09375,0.32575000012
2459115.1145833335,0.62
2459115.125,0.6155000017999
2459115.1354166665,0.606
2459115.15625,0.774
2459115.1666666665,0.774
2459115.177083333,0.774
2459115.1979166665,0.3953888889067
2459115.2083333335,0.3954305555733
2459115.21875,0.39547222224
2459115.2395833335,0.4054210525571
2459115.25,0.4047894736204
2459115.2604166665,0.4041578946836
2459115.28125,0.23879166664
2459115.2916666665,0.23891666664
2459115.302083333,0.23904166664
2459115.3229166665,0.2870848766111
2459115.3333333335,0.2870790895694
2459115.34375,0.2870733025278
2459115.3645833335,0.4717600000123
2459115.375,0.472
2459115.3854166665,0.472
2459115.40625,0.297
2459115.4166666665,0.297
2459115.427083333,0.297
2459115.4375,0.297
2459115.4479166665,0.297
2459115.4583333335,0.297
2459115.46875,0.297
2459115.479166667,0.2970833333333
2459115.4895833335,0.2971666666667
2459115.5,0.29725
2459115.5104166665,0.2973333333333
2459115.5208333335,0.2974166666667
2459115.53125,0.2975
2459115.5416666665,0.2975833333333
2459115.552083333,0.2976666666667
2459115.5625,0.29775
2459115.5729166665,0.2978333333333
2459115.5833333335,0.2979166666667
2459115.59375,0.298
2459115.604166667,0.2980833333333
2459115.6145833335,0.2981666666667
2459115.625,0.29825
2459115.6354166665,0.2983333333333
2459115.6458333335,0.2984166666667
2459115.65625,0.2985
2459115.6666666665,0.2985833333333
2459115.677083333,0.2986666666667
2459115.6875,0.29875
2459115.6979166665,0.2988333333333
2459115.7083333335,0.2989166666667
2459115.71875,0.299
2459115.729166667,0.2989090909065
2459115.7395833335,0.2988181818129
2459115.75,0.2987272727193
2459115.7604166665,0.2986363636258
2459115.7708333335,0.2985454545322
2459115.78125,0.2984545454387
2459115.7916666665,0.2983636363451
2459115.802083333,0.2982727272516
2459115.8125,0.298181818158
2459115.8229166665,0.2980909090645
2459115.8333333335,0.298
2459115.84375,0.2955999990783
2459115.854166667,0.294
2459115.8645833335,0.294
2459115.875,0.294
2459115.8854166665,0.294
2459115.8958333335,0.294
2459115.90625,0.294
2459115.9166666665,0.294
2459115.927083333,0.294
2459115.9375,0.294
2459115.9583333335,0.3064200000219
2459115.96875,0.3064800000223
2459115.979166667,0.3065400000227
2459116.0,0.4408235293968
2459116.0104166665,0.4404705882187
2459116.0208333335,0.4401176470405
2459116.0416666665,0.4329166668668
2459116.052083333,0.4341666670667
2459116.0625,0.4336874984251
2459116.0833333335,0.09833333376003
2459116.09375,0.09733333376009
2459116.104166667,0.09633333375998
2459116.1145833335,0.0966206892853
2459116.125,0.0975517238091
2459116.1458333335,0.34
2459116.15625,0.3296249996625
2459116.1666666665,0.3305624997562
2459116.1875,0.1257826087065
2459116.1979166665,0.1256521739221
2459116.2083333335,0.1255217391377
2459116.229166667,0.3669375002495
2459116.2395833335,0.3651562502315
2459116.25,0.3633750002138
2459116.2708333335,0.310153846147
2459116.28125,0.3100384615294
2459116.2916666665,0.3099230769117
2459116.3125,0.36291666668
2459116.3229166665,0.36279166668
2459116.3333333335,0.36266666668
2459116.34375,0.36254166668
2459116.354166667,0.36241666668
2459116.3645833335,0.36229166668
2459116.375,0.36216666668
2459116.3854166665,0.36204166668
2459116.3958333335,0.36191666668
2459116.4166666665,0.566
2459116.427083333,0.5797142832055
2459116.4375,0.5934285664135
2459116.4583333335,0.233
2459116.46875,0.233
2459116.479166667,0.233
2459116.4895833335,0.233
2459116.5104166665,0.262
2459116.5208333335,0.2631428566726
2459116.53125,0.2665714288847
2459116.552083333,0.294
2459116.5625,0.294
2459116.5729166665,0.294
2459116.5833333335,0.294
2459116.604166667,0.2678579881537
2459116.6145833335,0.2662159763076
2459116.625,0.2645739644616
2459116.6458333335,0.4686153847972
2459116.65625,0.4690769232474
2459116.6666666665,0.4695384616975
2459116.6875,0.3127940511673
2459116.6979166665,0.31273029425
2459116.7083333335,0.3126665373326
2459116.729166667,0.3957714285024
2459116.7395833335,0.3955999999342
2459116.75,0.3954285713659
2459116.7604166665,0.3952571427976
2459116.7708333335,0.3950857142293
2459116.78125,0.394914285661
2459116.7916666665,0.3947428570927
2459116.8125,0.357909090962
2459116.8229166665,0.3576363636734
2459116.8333333335,0.3573636363848
2459116.854166667,0.3346987951595
2459116.8645833335,0.3340120481848
2459116.875,0.3333253012102
2459116.8958333335,0.2331388888533
2459116.90625,0.23305555552
2459116.9166666665,0.233
2459116.9375,0.2832499999829
2459116.9479166665,0.2833571428424
2459116.9583333335,0.283464285702
2459116.979166667,0.63200000048
2459116.9895833335,0.6290000000002
2459117.0,0.6259999995198
2459117.0208333335,0.319
2459117.03125,0.3204999996161
2459117.0416666665,0.321999999712
2459117.0625,0.2828955773244
2459117.0729166665,0.2822188267027
2459117.0833333335,0.2815420760811
2459117.104166667,0.329624999805
2459117.1145833335,0.3288124997725
2459117.125,0.328
2459117.1458333335,0.3168611111467
2459117.15625,0.3167777778133
2459117.1666666665,0.31669444448
2459117.177083333,0.3166111111467
2459117.1979166665,0.3251875000234
2459117.2083333335,0.3249531250316
2459117.21875,0.3247187500399
2459117.2395833335,0.2764444444533
2459117.25,0.27636111112
2459117.2604166665,0.2762777777867
2459117.28125,0.2496363637157
2459117.2916666665,0.2493636364589
2459117.302083333,0.249090909202
2459117.3229166665,0.2835714285616
2459117.3333333335,0.2836785714212
2459117.34375,0.2837857142808
2459117.3645833335,0.252
2459117.375,0.252
2459117.3854166665,0.252
2459117.40625,0.252
2459117.4166666665,0.252
2459117.427083333,0.252
2459117.4479166665,0.25893055556
2459117.4583333335,0.2589722222267
2459117.46875,0.2588571428081
2459117.4895833335,0.328
2459117.5,0.327181818158
2459117.5104166665,0.3263636363161
2459117.53125,0.769
2459117.5416666665,0.769
2459117.552083333,0.7647142851265
2459117.5729166665,0.251
2459117.5833333335,0.251
2459117.59375,0.251
2459117.6145833335,0.1359069766278
2459117.625,0.1349302324709
2459117.6354166665,0.133953488314
2459117.65625,0.3336250003899
2459117.6666666665,0.3314074077867
2459117.677083333,0.329629630009
2459117.6875,0.327851852231
2459117.7083333335,0.23
2459117.71875,0.23
2459117.729166667,0.23
2459117.75,0.3153259514861
2459117.7604166665,0.3152500780392
2459117.7708333335,0.315208528098
2459117.7916666665,0.8567142858906
2459117.802083333,0.8562857144523
2459117.8125,0.8558571430139
2459117.8333333335,0.4503333341334
2459117.84375,0.4478333337335
2459117.854166667,0.4464500000924
2459117.875,0.206
2459117.8854166665,0.206
2459117.8958333335,0.206
2459117.9166666665,0.252
2459117.927083333,0.252
2459117.9375,0.252
2459117.9583333335,0.493
2459117.96875,0.4915000001201
2459117.979166667,0.4900000002399
2459118.0,0.32933333336
2459118.0104166665,0.3292500000267
2459118.0208333335,0.3291666666933
2459118.03125,0.32908333336
2459118.0416666665,0.329
2459118.052083333,0.3289166666933
2459118.0625,0.32883333336
2459118.0729166665,0.3287500000267
2459118.09375,0.126035714298
2459118.104166667,0.125913043491
2459118.1145833335,0.1257826087065
2459118.1354166665,0.4288235294861
2459118.1458333335,0.4287647059444
2459118.15625,0.4287058824028
2459118.177083333,0.23954166664
2459118.1875,0.23966666664
2459118.1979166665,0.23979166664
2459118.21875,0.4092641508942
2459118.229166667,0.4088113206864
2459118.2395833335,0.4083584904785
2459118.25,0.4079056602707
2459118.2708333335,0.1148425927778
2459118.28125,0.1144583335
2459118.2916666665,0.1140740742222
2459118.302083333,0.1136898149444
2459118.3229166665,0.2621923076753
2459118.3333333335,0.2625384615129
2459118.34375,0.2628846153505
2459118.3645833335,0.2570760233881
2459118.375,0.2570584795284
2459118.3854166665,0.2570409356688
2459118.40625,0.0870340909413
2459118.4166666665,0.08659090912959
2459118.427083333,0.08614772731788
2459118.4375,0.086
2459118.4479166665,0.086
2459118.4583333335,0.086
2459118.479166667,0.258
2459118.4895833335,0.258
2459118.5,0.258
2459118.5208333335,0.239
2459118.53125,0.239
2459118.5416666665,0.239
2459118.552083333,0.239
2459118.5625,0.239
2459118.5729166665,0.239
2459118.5833333335,0.239
2459118.59375,0.239
2459118.604166667,0.239
2459118.6145833335,0.239
2459118.6354166665,0.2193571428572
2459118.6458333335,0.2187142857143
2459118.65625,0.2180714285714
2459118.677083333,0.2302941177302
2459118.6875,0.2311764706381
2459118.6979166665,0.232058823546
2459118.71875,0.2927641242361
2459118.729166667,0.2928700564444
2459118.7395833335,0.2929759886528
2459118.75,0.2930819208611
2459118.7604166665,0.2931878530694
2459118.7708333335,0.2932937852778
2459118.78125,0.2933997174861
2459118.7916666665,0.2935056496944
2459118.802083333,0.2936115819028
2459118.8229166665,0.1907586206899
2459118.8333333335,0.1908275862081
2459118.84375,0.1908965517263
2459118.8645833335,0.880774999999
2459118.875,0.8655500000007
2459118.8854166665,0.852600000001
2459118.90625,0.20820833336
2459118.9166666665,0.20808333336
2459118.927083333,0.20795833336
2459118.9375,0.20783333336
2459118.9583333335,0.3105616842083
2459118.96875,0.3103804009167
2459118.979166667,0.310199117625
2459119.0,0.252
2459119.0104166665,0.252
2459119.0208333335,0.252
2459119.03125,0.252
2459119.052083333,0.064
2459119.0625,0.056
2459119.0729166665,0.0605
2459119.0833333335,0.062042105
2459119.09375,0.062105263
2459119.104166667,0.062168421
2459119.125,0.166
2459119.1354166665,0.166
2459119.1458333335,0.166
2459119.15625,0.166
2459119.177083333,0.3
2459119.1875,0.3019999988479
2459119.1979166665,0.305
2459119.2083333335,0.305
2459119.21875,0.305
2459119.229166667,0.305
2459119.2395833335,0.305
2459119.2604166665,0.3308709676091
2459119.2708333335,0.3305322579351
2459119.28125,0.3301935482612
2459119.2916666665,0.3298548385873
2459119.3125,0.257
2459119.3229166665,0.257
2459119.3333333335,0.257
2459119.34375,0.257
2459119.3645833335,0.3318611110933
2459119.375,0.33177777776
2459119.3854166665,0.3316944444267
2459119.3958333335,0.3316111110933
2459119.40625,0.33152777776
2459119.427083333,0.235
2459119.4375,0.2346874998969
2459119.4479166665,0.2342187498922
2459119.4583333335,0.2337499998875
2459119.46875,0.2332812498828
2459119.4895833335,0.2418333331334
2459119.5,0.2406799999016
2459119.5104166665,0.239719999914
2459119.53125,0.7902000004608
2459119.5416666665,0.7878000003074
2459119.552083333,0.7854000001535
2459119.5729166665,0.828
2459119.5833333335,0.8268461538746
2459119.59375,0.825692307749
2459119.6145833335,0.3218686533743
2459119.625,0.3216467990697
2459119.6354166665,0.321424944765
2459119.6458333335,0.3212030904604
2459119.65625,0.3209812361558
2459119.6666666665,0.3207593818511
2459119.677083333,0.3205375275465
2459119.6875,0.3203156732419
2459119.7083333335,0.35
2459119.71875,0.3495555555556
2459119.729166667,0.3491111111111
